time,l_q0,l_q1,l_q2,l_q3,l_q4,l_q5,l_q6,r_q0,r_q1,r_q2,r_q3,r_q4,r_q5,r_q6,l_pose,r_pose
0.0,-0.8640444131494811,0.14952946406531198,0.11671408572196351,-1.2739449255878386,-0.02490180504354836,0.6211522050879585,0.27913201701813184,-0.8641378614467315,-0.1496753753760821,-0.11484255852721104,-1.2743518513107772,0.023748080096468626,0.6216463922752736,-0.28001426707484395,,
0.004005908966064453,-0.8640444131494811,0.14952946406531198,0.11671408572196351,-1.2739449255878386,-0.02490180504354836,0.6211522050879585,0.27913201701813184,-0.8641378614467315,-0.1496753753760821,-0.11484255852721104,-1.2743518513107772,0.023748080096468626,0.6216463922752736,-0.28001426707484395,,
0.00798940658569336,-0.8640444131494811,0.14952946406531198,0.11671408572196351,-1.2739449255878386,-0.02490180504354836,0.6211522050879585,0.27913201701813184,-0.8641378614467315,-0.1496753753760821,-0.11484255852721104,-1.2743518513107772,0.023748080096468626,0.6216463922752736,-0.28001426707484395,,
0.012003660202026367,-0.8640444131494811,0.14952946406531198,0.11671408572196351,-1.2739449255878386,-0.02490180504354836,0.6211522050879585,0.27913201701813184,-0.8641378614467315,-0.1496753753760821,-0.11484255852721104,-1.2743518513107772,0.023748080096468626,0.6216463922752736,-0.28001426707484395,,
0.016000032424926758,-0.8640444131494811,0.14952946406531198,0.11671408572196351,-1.2739449255878386,-0.02490180504354836,0.6211522050879585,0.27913201701813184,-0.8641378614467315,-0.1496753753760821,-0.11484255852721104,-1.2743518513107772,0.023748080096468626,0.6216463922752736,-0.28001426707484395,,
0.020010948181152344,-0.8640444131494811,0.14952946406531198,0.11671408572196351,-1.2739449255878386,-0.02490180504354836,0.6211522050879585,0.27913201701813184,-0.8641378614467315,-0.1496753753760821,-0.11484255852721104,-1.2743518513107772,0.023748080096468626,0.6216463922752736,-0.28001426707484395,,
0.023985862731933594,-0.8640444131494811,0.14952946406531198,0.11671408572196351,-1.2739449255878386,-0.02490180504354836,0.6211522050879585,0.27913201701813184,-0.8641378614467315,-0.1496753753760821,-0.11484255852721104,-1.2743518513107772,0.023748080096468626,0.6216463922752736,-0.28001426707484395,,
0.02800726890563965,-0.8640444131494811,0.14952946406531198,0.11671408572196351,-1.2739449255878386,-0.02490180504354836,0.6211522050879585,0.27913201701813184,-0.8641378614467315,-0.1496753753760821,-0.11484255852721104,-1.2743518513107772,0.023748080096468626,0.6216463922752736,-0.28001426707484395,,
0.03197622299194336,-0.8640444131494811,0.14952946406531198,0.11671408572196351,-1.2739449255878386,-0.02490180504354836,0.6211522050879585,0.27913201701813184,-0.8641378614467315,-0.1496753753760821,-0.11484255852721104,-1.2743518513107772,0.023748080096468626,0.6216463922752736,-0.28001426707484395,,
0.03600597381591797,-0.8640444131494811,0.14952946406531198,0.11671408572196351,-1.2739449255878386,-0.02490180504354836,0.6211522050879585,0.27913201701813184,-0.8641378614467315,-0.1496753753760821,-0.11484255852721104,-1.2743518513107772,0.023748080096468626,0.6216463922752736,-0.28001426707484395,,
0.04001307487487793,-0.8640444131494811,0.14952946406531198,0.11671408572196351,-1.2739449255878386,-0.02490180504354836,0.6211522050879585,0.27913201701813184,-0.8641378614467315,-0.1496753753760821,-0.11484255852721104,-1.2743518513107772,0.023748080096468626,0.6216463922752736,-0.28001426707484395,,
0.04402041435241699,-0.8640444131494811,0.14952946406531198,0.11671408572196351,-1.2739449255878386,-0.02490180504354836,0.6211522050879585,0.27913201701813184,-0.8641378614467315,-0.1496753753760821,-0.11484255852721104,-1.2743518513107772,0.023748080096468626,0.6216463922752736,-0.28001426707484395,,
0.047998905181884766,-0.8640444131494811,0.14952946406531198,0.11671408572196351,-1.2739449255878386,-0.02490180504354836,0.6211522050879585,0.27913201701813184,-0.8641378614467315,-0.1496753753760821,-0.11484255852721104,-1.2743518513107772,0.023748080096468626,0.6216463922752736,-0.28001426707484395,,
0.0520014762878418,-0.8640444131494811,0.14952946406531198,0.11671408572196351,-1.2739449255878386,-0.02490180504354836,0.6211522050879585,0.27913201701813184,-0.8641378614467315,-0.1496753753760821,-0.11484255852721104,-1.2743518513107772,0.023748080096468626,0.6216463922752736,-0.28001426707484395,,
0.055992841720581055,-0.8640444131494811,0.14952946406531198,0.11671408572196351,-1.2739449255878386,-0.02490180504354836,0.6211522050879585,0.27913201701813184,-0.8641378614467315,-0.1496753753760821,-0.11484255852721104,-1.2743518513107772,0.023748080096468626,0.6216463922752736,-0.28001426707484395,,
0.06000852584838867,-0.8640444131494811,0.14952946406531198,0.11671408572196351,-1.2739449255878386,-0.02490180504354836,0.6211522050879585,0.27913201701813184,-0.8641378614467315,-0.1496753753760821,-0.11484255852721104,-1.2743518513107772,0.023748080096468626,0.6216463922752736,-0.28001426707484395,,
0.06398701667785645,-0.8640444131494811,0.14952946406531198,0.11671408572196351,-1.2739449255878386,-0.02490180504354836,0.6211522050879585,0.27913201701813184,-0.8641378614467315,-0.1496753753760821,-0.11484255852721104,-1.2743518513107772,0.023748080096468626,0.6216463922752736,-0.28001426707484395,,
0.06797647476196289,-0.8640444131494811,0.14952946406531198,0.11671408572196351,-1.2739449255878386,-0.02490180504354836,0.6211522050879585,0.27913201701813184,-0.8641378614467315,-0.1496753753760821,-0.11484255852721104,-1.2743518513107772,0.023748080096468626,0.6216463922752736,-0.28001426707484395,,
0.07200264930725098,-0.8640444131494811,0.14952946406531198,0.11671408572196351,-1.2739449255878386,-0.02490180504354836,0.6211522050879585,0.27913201701813184,-0.8641378614467315,-0.1496753753760821,-0.11484255852721104,-1.2743518513107772,0.023748080096468626,0.6216463922752736,-0.28001426707484395,,
0.07599186897277832,-0.8640444131494811,0.14952946406531198,0.11671408572196351,-1.2739449255878386,-0.02490180504354836,0.6211522050879585,0.27913201701813184,-0.8641378614467315,-0.1496753753760821,-0.11484255852721104,-1.2743518513107772,0.023748080096468626,0.6216463922752736,-0.28001426707484395,,
0.07999682426452637,-0.8640444131494811,0.14952946406531198,0.11671408572196351,-1.2739449255878386,-0.02490180504354836,0.6211522050879585,0.27913201701813184,-0.8641378614467315,-0.1496753753760821,-0.11484255852721104,-1.2743518513107772,0.023748080096468626,0.6216463922752736,-0.28001426707484395,,
0.08398604393005371,-0.8640444131494811,0.14952946406531198,0.11671408572196351,-1.2739449255878386,-0.02490180504354836,0.6211522050879585,0.27913201701813184,-0.8641378614467315,-0.1496753753760821,-0.11484255852721104,-1.2743518513107772,0.023748080096468626,0.6216463922752736,-0.28001426707484395,,
0.0879976749420166,-0.8640444131494811,0.14952946406531198,0.11671408572196351,-1.2739449255878386,-0.02490180504354836,0.6211522050879585,0.27913201701813184,-0.8641378614467315,-0.1496753753760821,-0.11484255852721104,-1.2743518513107772,0.023748080096468626,0.6216463922752736,-0.28001426707484395,,
0.09199094772338867,-0.8640444131494811,0.14952946406531198,0.11671408572196351,-1.2739449255878386,-0.02490180504354836,0.6211522050879585,0.27913201701813184,-0.8641378614467315,-0.1496753753760821,-0.11484255852721104,-1.2743518513107772,0.023748080096468626,0.6216463922752736,-0.28001426707484395,,
0.09600615501403809,-0.8640444131494811,0.14952946406531198,0.11671408572196351,-1.2739449255878386,-0.02490180504354836,0.6211522050879585,0.27913201701813184,-0.8641378614467315,-0.1496753753760821,-0.11484255852721104,-1.2743518513107772,0.023748080096468626,0.6216463922752736,-0.28001426707484395,,
0.10000991821289062,-0.8640444131494811,0.14952946406531198,0.11671408572196351,-1.2739449255878386,-0.02490180504354836,0.6211522050879585,0.27913201701813184,-0.8641378614467315,-0.1496753753760821,-0.11484255852721104,-1.2743518513107772,0.023748080096468626,0.6216463922752736,-0.28001426707484395,,
0.10400390625,-0.8640444131494811,0.14952946406531198,0.11671408572196351,-1.2739449255878386,-0.02490180504354836,0.6211522050879585,0.27913201701813184,-0.8641378614467315,-0.1496753753760821,-0.11484255852721104,-1.2743518513107772,0.023748080096468626,0.6216463922752736,-0.28001426707484395,,
0.10801100730895996,-0.8640444131494811,0.14952946406531198,0.11671408572196351,-1.2739449255878386,-0.02490180504354836,0.6211522050879585,0.27913201701813184,-0.8641378614467315,-0.1496753753760821,-0.11484255852721104,-1.2743518513107772,0.023748080096468626,0.6216463922752736,-0.28001426707484395,,
0.1120157241821289,-0.8640444131494811,0.14952946406531198,0.11671408572196351,-1.2739449255878386,-0.02490180504354836,0.6211522050879585,0.27913201701813184,-0.8641378614467315,-0.1496753753760821,-0.11484255852721104,-1.2743518513107772,0.023748080096468626,0.6216463922752736,-0.28001426707484395,,
0.11600399017333984,-0.8640444131494811,0.14952946406531198,0.11671408572196351,-1.2739449255878386,-0.02490180504354836,0.6211522050879585,0.27913201701813184,-0.8641378614467315,-0.1496753753760821,-0.11484255852721104,-1.2743518513107772,0.023748080096468626,0.6216463922752736,-0.28001426707484395,,
0.12000513076782227,-0.8640444131494811,0.14952946406531198,0.11671408572196351,-1.2739449255878386,-0.02490180504354836,0.6211522050879585,0.27913201701813184,-0.8641378614467315,-0.1496753753760821,-0.11484255852721104,-1.2743518513107772,0.023748080096468626,0.6216463922752736,-0.28001426707484395,,
0.12408709526062012,-0.8640444131494811,0.14952946406531198,0.11671408572196351,-1.2739449255878386,-0.02490180504354836,0.6211522050879585,0.27913201701813184,-0.8641378614467315,-0.1496753753760821,-0.11484255852721104,-1.2743518513107772,0.023748080096468626,0.6216463922752736,-0.28001426707484395,,
0.12799572944641113,-0.8640444131494811,0.14952946406531198,0.11671408572196351,-1.2739449255878386,-0.02490180504354836,0.6211522050879585,0.27913201701813184,-0.8641378614467315,-0.1496753753760821,-0.11484255852721104,-1.2743518513107772,0.023748080096468626,0.6216463922752736,-0.28001426707484395,,
0.132002592086792,-0.8640444131494811,0.14952946406531198,0.11671408572196351,-1.2739449255878386,-0.02490180504354836,0.6211522050879585,0.27913201701813184,-0.8641378614467315,-0.1496753753760821,-0.11484255852721104,-1.2743518513107772,0.023748080096468626,0.6216463922752736,-0.28001426707484395,,
0.13597655296325684,-0.8640444131494811,0.14952946406531198,0.11671408572196351,-1.2739449255878386,-0.02490180504354836,0.6211522050879585,0.27913201701813184,-0.8641378614467315,-0.1496753753760821,-0.11484255852721104,-1.2743518513107772,0.023748080096468626,0.6216463922752736,-0.28001426707484395,,
0.13998961448669434,-0.8640444131494811,0.14952946406531198,0.11671408572196351,-1.2739449255878386,-0.02490180504354836,0.6211522050879585,0.27913201701813184,-0.8641378614467315,-0.1496753753760821,-0.11484255852721104,-1.2743518513107772,0.023748080096468626,0.6216463922752736,-0.28001426707484395,,
0.14400529861450195,-0.8640444131494811,0.14952946406531198,0.11671408572196351,-1.2739449255878386,-0.02490180504354836,0.6211522050879585,0.27913201701813184,-0.8641378614467315,-0.1496753753760821,-0.11484255852721104,-1.2743518513107772,0.023748080096468626,0.6216463922752736,-0.28001426707484395,,
0.14800643920898438,-0.8640444131494811,0.14952946406531198,0.11671408572196351,-1.2739449255878386,-0.02490180504354836,0.6211522050879585,0.27913201701813184,-0.8641378614467315,-0.1496753753760821,-0.11484255852721104,-1.2743518513107772,0.023748080096468626,0.6216463922752736,-0.28001426707484395,,
0.1519792079925537,-0.8640444131494811,0.14952946406531198,0.11671408572196351,-1.2739449255878386,-0.02490180504354836,0.6211522050879585,0.27913201701813184,-0.8641378614467315,-0.1496753753760821,-0.11484255852721104,-1.2743518513107772,0.023748080096468626,0.6216463922752736,-0.28001426707484395,,
0.15599346160888672,-0.8640444131494811,0.14952946406531198,0.11671408572196351,-1.2739449255878386,-0.02490180504354836,0.6211522050879585,0.27913201701813184,-0.8641378614467315,-0.1496753753760821,-0.11484255852721104,-1.2743518513107772,0.023748080096468626,0.6216463922752736,-0.28001426707484395,,
0.15997910499572754,-0.8640444131494811,0.14952946406531198,0.11671408572196351,-1.2739449255878386,-0.02490180504354836,0.6211522050879585,0.27913201701813184,-0.8641378614467315,-0.1496753753760821,-0.11484255852721104,-1.2743518513107772,0.023748080096468626,0.6216463922752736,-0.28001426707484395,,
0.1639862060546875,-0.8640444131494811,0.14952946406531198,0.11671408572196351,-1.2739449255878386,-0.02490180504354836,0.6211522050879585,0.27913201701813184,-0.8641378614467315,-0.1496753753760821,-0.11484255852721104,-1.2743518513107772,0.023748080096468626,0.6216463922752736,-0.28001426707484395,,
0.167999267578125,-0.8640444131494811,0.14952946406531198,0.11671408572196351,-1.2739449255878386,-0.02490180504354836,0.6211522050879585,0.27913201701813184,-0.8641378614467315,-0.1496753753760821,-0.11484255852721104,-1.2743518513107772,0.023748080096468626,0.6216463922752736,-0.28001426707484395,,
0.17198395729064941,-0.8640444131494811,0.14952946406531198,0.11671408572196351,-1.2739449255878386,-0.02490180504354836,0.6211522050879585,0.27913201701813184,-0.8641378614467315,-0.1496753753760821,-0.11484255852721104,-1.2743518513107772,0.023748080096468626,0.6216463922752736,-0.28001426707484395,,
0.1760110855102539,-0.8640444131494811,0.14952946406531198,0.11671408572196351,-1.2739449255878386,-0.02490180504354836,0.6211522050879585,0.27913201701813184,-0.8641378614467315,-0.1496753753760821,-0.11484255852721104,-1.2743518513107772,0.023748080096468626,0.6216463922752736,-0.28001426707484395,,
0.17998981475830078,-0.8640444131494811,0.14952946406531198,0.11671408572196351,-1.2739449255878386,-0.02490180504354836,0.6211522050879585,0.27913201701813184,-0.8641378614467315,-0.1496753753760821,-0.11484255852721104,-1.2743518513107772,0.023748080096468626,0.6216463922752736,-0.28001426707484395,,
0.18398046493530273,-0.8640444131494811,0.14952946406531198,0.11671408572196351,-1.2739449255878386,-0.02490180504354836,0.6211522050879585,0.27913201701813184,-0.8641378614467315,-0.1496753753760821,-0.11484255852721104,-1.2743518513107772,0.023748080096468626,0.6216463922752736,-0.28001426707484395,,
0.18795299530029297,-0.8640444131494811,0.14952946406531198,0.11671408572196351,-1.2739449255878386,-0.02490180504354836,0.6211522050879585,0.27913201701813184,-0.8641378614467315,-0.1496753753760821,-0.11484255852721104,-1.2743518513107772,0.023748080096468626,0.6216463922752736,-0.28001426707484395,,
0.1920173168182373,-0.8640444131494811,0.14952946406531198,0.11671408572196351,-1.2739449255878386,-0.02490180504354836,0.6211522050879585,0.27913201701813184,-0.8641378614467315,-0.1496753753760821,-0.11484255852721104,-1.2743518513107772,0.023748080096468626,0.6216463922752736,-0.28001426707484395,,
0.19600653648376465,-0.8640444131494811,0.14952946406531198,0.11671408572196351,-1.2739449255878386,-0.02490180504354836,0.6211522050879585,0.27913201701813184,-0.8641378614467315,-0.1496753753760821,-0.11484255852721104,-1.2743518513107772,0.023748080096468626,0.6216463922752736,-0.28001426707484395,,
0.19999337196350098,-0.8640444131494811,0.14952946406531198,0.11671408572196351,-1.2739449255878386,-0.02490180504354836,0.6211522050879585,0.27913201701813184,-0.8641378614467315,-0.1496753753760821,-0.11484255852721104,-1.2743518513107772,0.023748080096468626,0.6216463922752736,-0.28001426707484395,,
0.20400190353393555,-0.8640444131494811,0.14952946406531198,0.11671408572196351,-1.2739449255878386,-0.02490180504354836,0.6211522050879585,0.27913201701813184,-0.8641378614467315,-0.1496753753760821,-0.11484255852721104,-1.2743518513107772,0.023748080096468626,0.6216463922752736,-0.28001426707484395,,
0.2080090045928955,-0.8640444131494811,0.14952946406531198,0.11671408572196351,-1.2739449255878386,-0.02490180504354836,0.6211522050879585,0.27913201701813184,-0.8641378614467315,-0.1496753753760821,-0.11484255852721104,-1.2743518513107772,0.023748080096468626,0.6216463922752736,-0.28001426707484395,,
0.21200299263000488,-0.8640444131494811,0.14952946406531198,0.11671408572196351,-1.2739449255878386,-0.02490180504354836,0.6211522050879585,0.27913201701813184,-0.8641378614467315,-0.1496753753760821,-0.11484255852721104,-1.2743518513107772,0.023748080096468626,0.6216463922752736,-0.28001426707484395,,
0.21601605415344238,-0.8640444131494811,0.14952946406531198,0.11671408572196351,-1.2739449255878386,-0.02490180504354836,0.6211522050879585,0.27913201701813184,-0.8641378614467315,-0.1496753753760821,-0.11484255852721104,-1.2743518513107772,0.023748080096468626,0.6216463922752736,-0.28001426707484395,,
0.21999835968017578,-0.8640444131494811,0.14952946406531198,0.11671408572196351,-1.2739449255878386,-0.02490180504354836,0.6211522050879585,0.27913201701813184,-0.8641378614467315,-0.1496753753760821,-0.11484255852721104,-1.2743518513107772,0.023748080096468626,0.6216463922752736,-0.28001426707484395,,
0.22398161888122559,-0.8640444131494811,0.14952946406531198,0.11671408572196351,-1.2739449255878386,-0.02490180504354836,0.6211522050879585,0.27913201701813184,-0.8641378614467315,-0.1496753753760821,-0.11484255852721104,-1.2743518513107772,0.023748080096468626,0.6216463922752736,-0.28001426707484395,,
0.22801494598388672,-0.8640444131494811,0.14952946406531198,0.11671408572196351,-1.2739449255878386,-0.02490180504354836,0.6211522050879585,0.27913201701813184,-0.8641378614467315,-0.1496753753760821,-0.11484255852721104,-1.2743518513107772,0.023748080096468626,0.6216463922752736,-0.28001426707484395,,
0.23200416564941406,-0.8640444131494811,0.14952946406531198,0.11671408572196351,-1.2739449255878386,-0.02490180504354836,0.6211522050879585,0.27913201701813184,-0.8641378614467315,-0.1496753753760821,-0.11484255852721104,-1.2743518513107772,0.023748080096468626,0.6216463922752736,-0.28001426707484395,,
0.23598289489746094,-0.8640444131494811,0.14952946406531198,0.11671408572196351,-1.2739449255878386,-0.02490180504354836,0.6211522050879585,0.27913201701813184,-0.8641378614467315,-0.1496753753760821,-0.11484255852721104,-1.2743518513107772,0.023748080096468626,0.6216463922752736,-0.28001426707484395,,
0.2399888038635254,-0.8640444131494811,0.14952946406531198,0.11671408572196351,-1.2739449255878386,-0.02490180504354836,0.6211522050879585,0.27913201701813184,-0.8641378614467315,-0.1496753753760821,-0.11484255852721104,-1.2743518513107772,0.023748080096468626,0.6216463922752736,-0.28001426707484395,,
0.24397945404052734,-0.8640444131494811,0.14952946406531198,0.11671408572196351,-1.2739449255878386,-0.02490180504354836,0.6211522050879585,0.27913201701813184,-0.8641378614467315,-0.1496753753760821,-0.11484255852721104,-1.2743518513107772,0.023748080096468626,0.6216463922752736,-0.28001426707484395,,
0.24797940254211426,-0.8640444131494811,0.14952946406531198,0.11671408572196351,-1.2739449255878386,-0.02490180504354836,0.6211522050879585,0.27913201701813184,-0.8641378614467315,-0.1496753753760821,-0.11484255852721104,-1.2743518513107772,0.023748080096468626,0.6216463922752736,-0.28001426707484395,,
0.25199007987976074,-0.8640444131494811,0.14952946406531198,0.11671408572196351,-1.2739449255878386,-0.02490180504354836,0.6211522050879585,0.27913201701813184,-0.8641378614467315,-0.1496753753760821,-0.11484255852721104,-1.2743518513107772,0.023748080096468626,0.6216463922752736,-0.28001426707484395,,
0.25598883628845215,-0.8640444131494811,0.14952946406531198,0.11671408572196351,-1.2739449255878386,-0.02490180504354836,0.6211522050879585,0.27913201701813184,-0.8641378614467315,-0.1496753753760821,-0.11484255852721104,-1.2743518513107772,0.023748080096468626,0.6216463922752736,-0.28001426707484395,,
0.25998425483703613,-0.8640444131494811,0.14952946406531198,0.11671408572196351,-1.2739449255878386,-0.02490180504354836,0.6211522050879585,0.27913201701813184,-0.8641378614467315,-0.1496753753760821,-0.11484255852721104,-1.2743518513107772,0.023748080096468626,0.6216463922752736,-0.28001426707484395,,
0.2639758586883545,-0.8640444131494811,0.14952946406531198,0.11671408572196351,-1.2739449255878386,-0.02490180504354836,0.6211522050879585,0.27913201701813184,-0.8641378614467315,-0.1496753753760821,-0.11484255852721104,-1.2743518513107772,0.023748080096468626,0.6216463922752736,-0.28001426707484395,,
0.26801037788391113,-0.8640444131494811,0.14952946406531198,0.11671408572196351,-1.2739449255878386,-0.02490180504354836,0.6211522050879585,0.27913201701813184,-0.8641378614467315,-0.1496753753760821,-0.11484255852721104,-1.2743518513107772,0.023748080096468626,0.6216463922752736,-0.28001426707484395,,
0.272014856338501,-0.8640444131494811,0.14952946406531198,0.11671408572196351,-1.2739449255878386,-0.02490180504354836,0.6211522050879585,0.27913201701813184,-0.8641378614467315,-0.1496753753760821,-0.11484255852721104,-1.2743518513107772,0.023748080096468626,0.6216463922752736,-0.28001426707484395,,
0.2759864330291748,-0.8640444131494811,0.14952946406531198,0.11671408572196351,-1.2739449255878386,-0.02490180504354836,0.6211522050879585,0.27913201701813184,-0.8641378614467315,-0.1496753753760821,-0.11484255852721104,-1.2743518513107772,0.023748080096468626,0.6216463922752736,-0.28001426707484395,,
0.28000664710998535,-0.8640444131494811,0.14952946406531198,0.11671408572196351,-1.2739449255878386,-0.02490180504354836,0.6211522050879585,0.27913201701813184,-0.8641378614467315,-0.1496753753760821,-0.11484255852721104,-1.2743518513107772,0.023748080096468626,0.6216463922752736,-0.28001426707484395,,
0.2839829921722412,-0.8640444131494811,0.14952946406531198,0.11671408572196351,-1.2739449255878386,-0.02490180504354836,0.6211522050879585,0.27913201701813184,-0.8641378614467315,-0.1496753753760821,-0.11484255852721104,-1.2743518513107772,0.023748080096468626,0.6216463922752736,-0.28001426707484395,,
0.2879819869995117,-0.8640444131494811,0.14952946406531198,0.11671408572196351,-1.2739449255878386,-0.02490180504354836,0.6211522050879585,0.27913201701813184,-0.8641378614467315,-0.1496753753760821,-0.11484255852721104,-1.2743518513107772,0.023748080096468626,0.6216463922752736,-0.28001426707484395,,
0.2919890880584717,-0.8640444131494811,0.14952946406531198,0.11671408572196351,-1.2739449255878386,-0.02490180504354836,0.6211522050879585,0.27913201701813184,-0.8641378614467315,-0.1496753753760821,-0.11484255852721104,-1.2743518513107772,0.023748080096468626,0.6216463922752736,-0.28001426707484395,,
0.29632043838500977,-0.8640444131494811,0.14952946406531198,0.11671408572196351,-1.2739449255878386,-0.02490180504354836,0.6211522050879585,0.27913201701813184,-0.8641378614467315,-0.1496753753760821,-0.11484255852721104,-1.2743518513107772,0.023748080096468626,0.6216463922752736,-0.28001426707484395,,
0.29998779296875,-0.8640444131494811,0.14952946406531198,0.11671408572196351,-1.2739449255878386,-0.02490180504354836,0.6211522050879585,0.27913201701813184,-0.8641378614467315,-0.1496753753760821,-0.11484255852721104,-1.2743518513107772,0.023748080096468626,0.6216463922752736,-0.28001426707484395,,
0.3039984703063965,-0.8640444131494811,0.14952946406531198,0.11671408572196351,-1.2739449255878386,-0.02490180504354836,0.6211522050879585,0.27913201701813184,-0.8641378614467315,-0.1496753753760821,-0.11484255852721104,-1.2743518513107772,0.023748080096468626,0.6216463922752736,-0.28001426707484395,,
0.30798768997192383,-0.8640444131494811,0.14952946406531198,0.11671408572196351,-1.2739449255878386,-0.02490180504354836,0.6211522050879585,0.27913201701813184,-0.8641378614467315,-0.1496753753760821,-0.11484255852721104,-1.2743518513107772,0.023748080096468626,0.6216463922752736,-0.28001426707484395,,
0.3119997978210449,-0.8640444131494811,0.14952946406531198,0.11671408572196351,-1.2739449255878386,-0.02490180504354836,0.6211522050879585,0.27913201701813184,-0.8641378614467315,-0.1496753753760821,-0.11484255852721104,-1.2743518513107772,0.023748080096468626,0.6216463922752736,-0.28001426707484395,,
0.31598544120788574,-0.8640444131494811,0.14952946406531198,0.11671408572196351,-1.2739449255878386,-0.02490180504354836,0.6211522050879585,0.27913201701813184,-0.8641378614467315,-0.1496753753760821,-0.11484255852721104,-1.2743518513107772,0.023748080096468626,0.6216463922752736,-0.28001426707484395,,
0.32000207901000977,-0.8640444131494811,0.14952946406531198,0.11671408572196351,-1.2739449255878386,-0.02490180504354836,0.6211522050879585,0.27913201701813184,-0.8641378614467315,-0.1496753753760821,-0.11484255852721104,-1.2743518513107772,0.023748080096468626,0.6216463922752736,-0.28001426707484395,,
0.32402825355529785,-0.8640444131494811,0.14952946406531198,0.11671408572196351,-1.2739449255878386,-0.02490180504354836,0.6211522050879585,0.27913201701813184,-0.8641378614467315,-0.1496753753760821,-0.11484255852721104,-1.2743518513107772,0.023748080096468626,0.6216463922752736,-0.28001426707484395,,
0.32799506187438965,-0.8640444131494811,0.14952946406531198,0.11671408572196351,-1.2739449255878386,-0.02490180504354836,0.6211522050879585,0.27913201701813184,-0.8641378614467315,-0.1496753753760821,-0.11484255852721104,-1.2743518513107772,0.023748080096468626,0.6216463922752736,-0.28001426707484395,,
0.3319997787475586,-0.8640444131494811,0.14952946406531198,0.11671408572196351,-1.2739449255878386,-0.02490180504354836,0.6211522050879585,0.27913201701813184,-0.8641378614467315,-0.1496753753760821,-0.11484255852721104,-1.2743518513107772,0.023748080096468626,0.6216463922752736,-0.28001426707484395,,
0.33599042892456055,-0.8640444131494811,0.14952946406531198,0.11671408572196351,-1.2739449255878386,-0.02490180504354836,0.6211522050879585,0.27913201701813184,-0.8641378614467315,-0.1496753753760821,-0.11484255852721104,-1.2743518513107772,0.023748080096468626,0.6216463922752736,-0.28001426707484395,,
0.339996337890625,-0.8640444131494811,0.14952946406531198,0.11671408572196351,-1.2739449255878386,-0.02490180504354836,0.6211522050879585,0.27913201701813184,-0.8641378614467315,-0.1496753753760821,-0.11484255852721104,-1.2743518513107772,0.023748080096468626,0.6216463922752736,-0.28001426707484395,,
0.34400343894958496,-0.8640444131494811,0.14952946406531198,0.11671408572196351,-1.2739449255878386,-0.02490180504354836,0.6211522050879585,0.27913201701813184,-0.8641378614467315,-0.1496753753760821,-0.11484255852721104,-1.2743518513107772,0.023748080096468626,0.6216463922752736,-0.28001426707484395,,
0.3479952812194824,-0.8640444131494811,0.14952946406531198,0.11671408572196351,-1.2739449255878386,-0.02490180504354836,0.6211522050879585,0.27913201701813184,-0.8641378614467315,-0.1496753753760821,-0.11484255852721104,-1.2743518513107772,0.023748080096468626,0.6216463922752736,-0.28001426707484395,,
0.35198307037353516,-0.8640444131494811,0.14952946406531198,0.11671408572196351,-1.2739449255878386,-0.02490180504354836,0.6211522050879585,0.27913201701813184,-0.8641378614467315,-0.1496753753760821,-0.11484255852721104,-1.2743518513107772,0.023748080096468626,0.6216463922752736,-0.28001426707484395,,
0.35598087310791016,-0.8640444131494811,0.14952946406531198,0.11671408572196351,-1.2739449255878386,-0.02490180504354836,0.6211522050879585,0.27913201701813184,-0.8641378614467315,-0.1496753753760821,-0.11484255852721104,-1.2743518513107772,0.023748080096468626,0.6216463922752736,-0.28001426707484395,,
0.35997724533081055,-0.8640444131494811,0.14952946406531198,0.11671408572196351,-1.2739449255878386,-0.02490180504354836,0.6211522050879585,0.27913201701813184,-0.8641378614467315,-0.1496753753760821,-0.11484255852721104,-1.2743518513107772,0.023748080096468626,0.6216463922752736,-0.28001426707484395,,
0.36398935317993164,-0.8640444131494811,0.14952946406531198,0.11671408572196351,-1.2739449255878386,-0.02490180504354836,0.6211522050879585,0.27913201701813184,-0.8641378614467315,-0.1496753753760821,-0.11484255852721104,-1.2743518513107772,0.023748080096468626,0.6216463922752736,-0.28001426707484395,,
0.3679845333099365,-0.8640444131494811,0.14952946406531198,0.11671408572196351,-1.2739449255878386,-0.02490180504354836,0.6211522050879585,0.27913201701813184,-0.8641378614467315,-0.1496753753760821,-0.11484255852721104,-1.2743518513107772,0.023748080096468626,0.6216463922752736,-0.28001426707484395,,
0.371997594833374,-0.8640444131494811,0.14952946406531198,0.11671408572196351,-1.2739449255878386,-0.02490180504354836,0.6211522050879585,0.27913201701813184,-0.8641378614467315,-0.1496753753760821,-0.11484255852721104,-1.2743518513107772,0.023748080096468626,0.6216463922752736,-0.28001426707484395,,
0.37615418434143066,-0.8640444131494811,0.14952946406531198,0.11671408572196351,-1.2739449255878386,-0.02490180504354836,0.6211522050879585,0.27913201701813184,-0.8641378614467315,-0.1496753753760821,-0.11484255852721104,-1.2743518513107772,0.023748080096468626,0.6216463922752736,-0.28001426707484395,,
0.3799903392791748,-0.8640444131494811,0.14952946406531198,0.11671408572196351,-1.2739449255878386,-0.02490180504354836,0.6211522050879585,0.27913201701813184,-0.8641378614467315,-0.1496753753760821,-0.11484255852721104,-1.2743518513107772,0.023748080096468626,0.6216463922752736,-0.28001426707484395,,
0.38399171829223633,-0.8640444131494811,0.14952946406531198,0.11671408572196351,-1.2739449255878386,-0.02490180504354836,0.6211522050879585,0.27913201701813184,-0.8641378614467315,-0.1496753753760821,-0.11484255852721104,-1.2743518513107772,0.023748080096468626,0.6216463922752736,-0.28001426707484395,,
0.3879821300506592,-0.8640444131494811,0.14952946406531198,0.11671408572196351,-1.2739449255878386,-0.02490180504354836,0.6211522050879585,0.27913201701813184,-0.8641378614467315,-0.1496753753760821,-0.11484255852721104,-1.2743518513107772,0.023748080096468626,0.6216463922752736,-0.28001426707484395,,
0.39197731018066406,-0.8640444131494811,0.14952946406531198,0.11671408572196351,-1.2739449255878386,-0.02490180504354836,0.6211522050879585,0.27913201701813184,-0.8641378614467315,-0.1496753753760821,-0.11484255852721104,-1.2743518513107772,0.023748080096468626,0.6216463922752736,-0.28001426707484395,,
0.39598584175109863,-0.8640444131494811,0.14952946406531198,0.11671408572196351,-1.2739449255878386,-0.02490180504354836,0.6211522050879585,0.27913201701813184,-0.8641378614467315,-0.1496753753760821,-0.11484255852721104,-1.2743518513107772,0.023748080096468626,0.6216463922752736,-0.28001426707484395,,
0.40000247955322266,-0.8640444131494811,0.14952946406531198,0.11671408572196351,-1.2739449255878386,-0.02490180504354836,0.6211522050879585,0.27913201701813184,-0.8641378614467315,-0.1496753753760821,-0.11484255852721104,-1.2743518513107772,0.023748080096468626,0.6216463922752736,-0.28001426707484395,,
0.4039928913116455,-0.8640444131494811,0.14952946406531198,0.11671408572196351,-1.2739449255878386,-0.02490180504354836,0.6211522050879585,0.27913201701813184,-0.8641378614467315,-0.1496753753760821,-0.11484255852721104,-1.2743518513107772,0.023748080096468626,0.6216463922752736,-0.28001426707484395,,
0.40798115730285645,-0.8640444131494811,0.14952946406531198,0.11671408572196351,-1.2739449255878386,-0.02490180504354836,0.6211522050879585,0.27913201701813184,-0.8641378614467315,-0.1496753753760821,-0.11484255852721104,-1.2743518513107772,0.023748080096468626,0.6216463922752736,-0.28001426707484395,,
0.41198205947875977,-0.8640444131494811,0.14952946406531198,0.11671408572196351,-1.2739449255878386,-0.02490180504354836,0.6211522050879585,0.27913201701813184,-0.8641378614467315,-0.1496753753760821,-0.11484255852721104,-1.2743518513107772,0.023748080096468626,0.6216463922752736,-0.28001426707484395,,
0.4160001277923584,-0.8640444131494811,0.14952946406531198,0.11671408572196351,-1.2739449255878386,-0.02490180504354836,0.6211522050879585,0.27913201701813184,-0.8641378614467315,-0.1496753753760821,-0.11484255852721104,-1.2743518513107772,0.023748080096468626,0.6216463922752736,-0.28001426707484395,,
0.42002391815185547,-0.8640444131494811,0.14952946406531198,0.11671408572196351,-1.2739449255878386,-0.02490180504354836,0.6211522050879585,0.27913201701813184,-0.8641378614467315,-0.1496753753760821,-0.11484255852721104,-1.2743518513107772,0.023748080096468626,0.6216463922752736,-0.28001426707484395,,
0.4239919185638428,-0.8640444131494811,0.14952946406531198,0.11671408572196351,-1.2739449255878386,-0.02490180504354836,0.6211522050879585,0.27913201701813184,-0.8641378614467315,-0.1496753753760821,-0.11484255852721104,-1.2743518513107772,0.023748080096468626,0.6216463922752736,-0.28001426707484395,,
0.4279799461364746,-0.8640444131494811,0.14952946406531198,0.11671408572196351,-1.2739449255878386,-0.02490180504354836,0.6211522050879585,0.27913201701813184,-0.8641378614467315,-0.1496753753760821,-0.11484255852721104,-1.2743518513107772,0.023748080096468626,0.6216463922752736,-0.28001426707484395,,
0.4319953918457031,-0.8640444131494811,0.14952946406531198,0.11671408572196351,-1.2739449255878386,-0.02490180504354836,0.6211522050879585,0.27913201701813184,-0.8641378614467315,-0.1496753753760821,-0.11484255852721104,-1.2743518513107772,0.023748080096468626,0.6216463922752736,-0.28001426707484395,,
0.43599772453308105,-0.8640444131494811,0.14952946406531198,0.11671408572196351,-1.2739449255878386,-0.02490180504354836,0.6211522050879585,0.27913201701813184,-0.8641378614467315,-0.1496753753760821,-0.11484255852721104,-1.2743518513107772,0.023748080096468626,0.6216463922752736,-0.28001426707484395,,
0.4399847984313965,-0.8640444131494811,0.14952946406531198,0.11671408572196351,-1.2739449255878386,-0.02490180504354836,0.6211522050879585,0.27913201701813184,-0.8641378614467315,-0.1496753753760821,-0.11484255852721104,-1.2743518513107772,0.023748080096468626,0.6216463922752736,-0.28001426707484395,,
0.44398927688598633,-0.8640444131494811,0.14952946406531198,0.11671408572196351,-1.2739449255878386,-0.02490180504354836,0.6211522050879585,0.27913201701813184,-0.8641378614467315,-0.1496753753760821,-0.11484255852721104,-1.2743518513107772,0.023748080096468626,0.6216463922752736,-0.28001426707484395,,
0.44799280166625977,-0.8640444131494811,0.14952946406531198,0.11671408572196351,-1.2739449255878386,-0.02490180504354836,0.6211522050879585,0.27913201701813184,-0.8641378614467315,-0.1496753753760821,-0.11484255852721104,-1.2743518513107772,0.023748080096468626,0.6216463922752736,-0.28001426707484395,,
0.4519798755645752,-0.8640444131494811,0.14952946406531198,0.11671408572196351,-1.2739449255878386,-0.02490180504354836,0.6211522050879585,0.27913201701813184,-0.8641378614467315,-0.1496753753760821,-0.11484255852721104,-1.2743518513107772,0.023748080096468626,0.6216463922752736,-0.28001426707484395,,
0.45624852180480957,-0.8640444131494811,0.14952946406531198,0.11671408572196351,-1.2739449255878386,-0.02490180504354836,0.6211522050879585,0.27913201701813184,-0.8641378614467315,-0.1496753753760821,-0.11484255852721104,-1.2743518513107772,0.023748080096468626,0.6216463922752736,-0.28001426707484395,,
0.4599800109863281,-0.8640444131494811,0.14952946406531198,0.11671408572196351,-1.2739449255878386,-0.02490180504354836,0.6211522050879585,0.27913201701813184,-0.8641378614467315,-0.1496753753760821,-0.11484255852721104,-1.2743518513107772,0.023748080096468626,0.6216463922752736,-0.28001426707484395,,
0.4640061855316162,-0.8640444131494811,0.14952946406531198,0.11671408572196351,-1.2739449255878386,-0.02490180504354836,0.6211522050879585,0.27913201701813184,-0.8641378614467315,-0.1496753753760821,-0.11484255852721104,-1.2743518513107772,0.023748080096468626,0.6216463922752736,-0.28001426707484395,,
0.46797657012939453,-0.8640444131494811,0.14952946406531198,0.11671408572196351,-1.2739449255878386,-0.02490180504354836,0.6211522050879585,0.27913201701813184,-0.8641378614467315,-0.1496753753760821,-0.11484255852721104,-1.2743518513107772,0.023748080096468626,0.6216463922752736,-0.28001426707484395,,
0.4719991683959961,-0.8640444131494811,0.14952946406531198,0.11671408572196351,-1.2739449255878386,-0.02490180504354836,0.6211522050879585,0.27913201701813184,-0.8641378614467315,-0.1496753753760821,-0.11484255852721104,-1.2743518513107772,0.023748080096468626,0.6216463922752736,-0.28001426707484395,,
0.47597432136535645,-0.8640444131494811,0.14952946406531198,0.11671408572196351,-1.2739449255878386,-0.02490180504354836,0.6211522050879585,0.27913201701813184,-0.8641378614467315,-0.1496753753760821,-0.11484255852721104,-1.2743518513107772,0.023748080096468626,0.6216463922752736,-0.28001426707484395,,
0.48001933097839355,-0.8640444131494811,0.14952946406531198,0.11671408572196351,-1.2739449255878386,-0.02490180504354836,0.6211522050879585,0.27913201701813184,-0.8641378614467315,-0.1496753753760821,-0.11484255852721104,-1.2743518513107772,0.023748080096468626,0.6216463922752736,-0.28001426707484395,,
0.484025239944458,-0.8640444131494811,0.14952946406531198,0.11671408572196351,-1.2739449255878386,-0.02490180504354836,0.6211522050879585,0.27913201701813184,-0.8641378614467315,-0.1496753753760821,-0.11484255852721104,-1.2743518513107772,0.023748080096468626,0.6216463922752736,-0.28001426707484395,,
0.4879944324493408,-0.8640444131494811,0.14952946406531198,0.11671408572196351,-1.2739449255878386,-0.02490180504354836,0.6211522050879585,0.27913201701813184,-0.8641378614467315,-0.1496753753760821,-0.11484255852721104,-1.2743518513107772,0.023748080096468626,0.6216463922752736,-0.28001426707484395,,
0.4920063018798828,-0.8640444131494811,0.14952946406531198,0.11671408572196351,-1.2739449255878386,-0.02490180504354836,0.6211522050879585,0.27913201701813184,-0.8641378614467315,-0.1496753753760821,-0.11484255852721104,-1.2743518513107772,0.023748080096468626,0.6216463922752736,-0.28001426707484395,,
0.49600982666015625,-0.8640444131494811,0.14952946406531198,0.11671408572196351,-1.2739449255878386,-0.02490180504354836,0.6211522050879585,0.27913201701813184,-0.8641378614467315,-0.1496753753760821,-0.11484255852721104,-1.2743518513107772,0.023748080096468626,0.6216463922752736,-0.28001426707484395,,
0.5000228881835938,-0.8640444131494811,0.14952946406531198,0.11671408572196351,-1.2739449255878386,-0.02490180504354836,0.6211522050879585,0.27913201701813184,-0.8641378614467315,-0.1496753753760821,-0.11484255852721104,-1.2743518513107772,0.023748080096468626,0.6216463922752736,-0.28001426707484395,,
0.5039207935333252,-0.8640444131494811,0.14952946406531198,0.11671408572196351,-1.2739449255878386,-0.02490180504354836,0.6211522050879585,0.27913201701813184,-0.8641378614467315,-0.1496753753760821,-0.11484255852721104,-1.2743518513107772,0.023748080096468626,0.6216463922752736,-0.28001426707484395,,
0.5079824924468994,-0.8640444131494811,0.14952946406531198,0.11671408572196351,-1.2739449255878386,-0.02490180504354836,0.6211522050879585,0.27913201701813184,-0.8641378614467315,-0.1496753753760821,-0.11484255852721104,-1.2743518513107772,0.023748080096468626,0.6216463922752736,-0.28001426707484395,,
0.5120062828063965,-0.8640444131494811,0.14952946406531198,0.11671408572196351,-1.2739449255878386,-0.02490180504354836,0.6211522050879585,0.27913201701813184,-0.8641378614467315,-0.1496753753760821,-0.11484255852721104,-1.2743518513107772,0.023748080096468626,0.6216463922752736,-0.28001426707484395,,
0.5159966945648193,-0.8640444131494811,0.14952946406531198,0.11671408572196351,-1.2739449255878386,-0.02490180504354836,0.6211522050879585,0.27913201701813184,-0.8641378614467315,-0.1496753753760821,-0.11484255852721104,-1.2743518513107772,0.023748080096468626,0.6216463922752736,-0.28001426707484395,,
0.5199894905090332,-0.8640444131494811,0.14952946406531198,0.11671408572196351,-1.2739449255878386,-0.02490180504354836,0.6211522050879585,0.27913201701813184,-0.8641378614467315,-0.1496753753760821,-0.11484255852721104,-1.2743518513107772,0.023748080096468626,0.6216463922752736,-0.28001426707484395,,
0.5239813327789307,-0.8640444131494811,0.14952946406531198,0.11671408572196351,-1.2739449255878386,-0.02490180504354836,0.6211522050879585,0.27913201701813184,-0.8641378614467315,-0.1496753753760821,-0.11484255852721104,-1.2743518513107772,0.023748080096468626,0.6216463922752736,-0.28001426707484395,,
0.5279862880706787,-0.8640444131494811,0.14952946406531198,0.11671408572196351,-1.2739449255878386,-0.02490180504354836,0.6211522050879585,0.27913201701813184,-0.8641378614467315,-0.1496753753760821,-0.11484255852721104,-1.2743518513107772,0.023748080096468626,0.6216463922752736,-0.28001426707484395,,
0.531987190246582,-0.8640444131494811,0.14952946406531198,0.11671408572196351,-1.2739449255878386,-0.02490180504354836,0.6211522050879585,0.27913201701813184,-0.8641378614467315,-0.1496753753760821,-0.11484255852721104,-1.2743518513107772,0.023748080096468626,0.6216463922752736,-0.28001426707484395,,
0.5359957218170166,-0.8640444131494811,0.14952946406531198,0.11671408572196351,-1.2739449255878386,-0.02490180504354836,0.6211522050879585,0.27913201701813184,-0.8641378614467315,-0.1496753753760821,-0.11484255852721104,-1.2743518513107772,0.023748080096468626,0.6216463922752736,-0.28001426707484395,,
0.539984941482544,-0.8640444131494811,0.14952946406531198,0.11671408572196351,-1.2739449255878386,-0.02490180504354836,0.6211522050879585,0.27913201701813184,-0.8641378614467315,-0.1496753753760821,-0.11484255852721104,-1.2743518513107772,0.023748080096468626,0.6216463922752736,-0.28001426707484395,,
0.5440003871917725,-0.8640444131494811,0.14952946406531198,0.11671408572196351,-1.2739449255878386,-0.02490180504354836,0.6211522050879585,0.27913201701813184,-0.8641378614467315,-0.1496753753760821,-0.11484255852721104,-1.2743518513107772,0.023748080096468626,0.6216463922752736,-0.28001426707484395,,
0.5479872226715088,-0.8640444131494811,0.14952946406531198,0.11671408572196351,-1.2739449255878386,-0.02490180504354836,0.6211522050879585,0.27913201701813184,-0.8641378614467315,-0.1496753753760821,-0.11484255852721104,-1.2743518513107772,0.023748080096468626,0.6216463922752736,-0.28001426707484395,,
0.5519957542419434,-0.8640444131494811,0.14952946406531198,0.11671408572196351,-1.2739449255878386,-0.02490180504354836,0.6211522050879585,0.27913201701813184,-0.8641378614467315,-0.1496753753760821,-0.11484255852721104,-1.2743518513107772,0.023748080096468626,0.6216463922752736,-0.28001426707484395,,
0.5559778213500977,-0.8640444131494811,0.14952946406531198,0.11671408572196351,-1.2739449255878386,-0.02490180504354836,0.6211522050879585,0.27913201701813184,-0.8641378614467315,-0.1496753753760821,-0.11484255852721104,-1.2743518513107772,0.023748080096468626,0.6216463922752736,-0.28001426707484395,,
0.5599944591522217,-0.8640444131494811,0.14952946406531198,0.11671408572196351,-1.2739449255878386,-0.02490180504354836,0.6211522050879585,0.27913201701813184,-0.8641378614467315,-0.1496753753760821,-0.11484255852721104,-1.2743518513107772,0.023748080096468626,0.6216463922752736,-0.28001426707484395,,
0.5639934539794922,-0.8640444131494811,0.14952946406531198,0.11671408572196351,-1.2739449255878386,-0.02490180504354836,0.6211522050879585,0.27913201701813184,-0.8641378614467315,-0.1496753753760821,-0.11484255852721104,-1.2743518513107772,0.023748080096468626,0.6216463922752736,-0.28001426707484395,,
0.5680050849914551,-0.8640444131494811,0.14952946406531198,0.11671408572196351,-1.2739449255878386,-0.02490180504354836,0.6211522050879585,0.27913201701813184,-0.8641378614467315,-0.1496753753760821,-0.11484255852721104,-1.2743518513107772,0.023748080096468626,0.6216463922752736,-0.28001426707484395,,
0.5720112323760986,-0.8640444131494811,0.14952946406531198,0.11671408572196351,-1.2739449255878386,-0.02490180504354836,0.6211522050879585,0.27913201701813184,-0.8641378614467315,-0.1496753753760821,-0.11484255852721104,-1.2743518513107772,0.023748080096468626,0.6216463922752736,-0.28001426707484395,,
0.5760159492492676,-0.8640444131494811,0.14952946406531198,0.11671408572196351,-1.2739449255878386,-0.02490180504354836,0.6211522050879585,0.27913201701813184,-0.8641378614467315,-0.1496753753760821,-0.11484255852721104,-1.2743518513107772,0.023748080096468626,0.6216463922752736,-0.28001426707484395,,
0.5800254344940186,-0.8640444131494811,0.14952946406531198,0.11671408572196351,-1.2739449255878386,-0.02490180504354836,0.6211522050879585,0.27913201701813184,-0.8641378614467315,-0.1496753753760821,-0.11484255852721104,-1.2743518513107772,0.023748080096468626,0.6216463922752736,-0.28001426707484395,,
0.5839922428131104,-0.8640444131494811,0.14952946406531198,0.11671408572196351,-1.2739449255878386,-0.02490180504354836,0.6211522050879585,0.27913201701813184,-0.8641378614467315,-0.1496753753760821,-0.11484255852721104,-1.2743518513107772,0.023748080096468626,0.6216463922752736,-0.28001426707484395,,
0.5880217552185059,-0.8640444131494811,0.14952946406531198,0.11671408572196351,-1.2739449255878386,-0.02490180504354836,0.6211522050879585,0.27913201701813184,-0.8641378614467315,-0.1496753753760821,-0.11484255852721104,-1.2743518513107772,0.023748080096468626,0.6216463922752736,-0.28001426707484395,,
0.5920088291168213,-0.8640444131494811,0.14952946406531198,0.11671408572196351,-1.2739449255878386,-0.02490180504354836,0.6211522050879585,0.27913201701813184,-0.8641378614467315,-0.1496753753760821,-0.11484255852721104,-1.2743518513107772,0.023748080096468626,0.6216463922752736,-0.28001426707484395,,
0.5959470272064209,-0.8640444131494811,0.14952946406531198,0.11671408572196351,-1.2739449255878386,-0.02490180504354836,0.6211522050879585,0.27913201701813184,-0.8641378614467315,-0.1496753753760821,-0.11484255852721104,-1.2743518513107772,0.023748080096468626,0.6216463922752736,-0.28001426707484395,,
0.5999910831451416,-0.8640444131494811,0.14952946406531198,0.11671408572196351,-1.2739449255878386,-0.02490180504354836,0.6211522050879585,0.27913201701813184,-0.8641378614467315,-0.1496753753760821,-0.11484255852721104,-1.2743518513107772,0.023748080096468626,0.6216463922752736,-0.28001426707484395,,
0.6039996147155762,-0.8640444131494811,0.14952946406531198,0.11671408572196351,-1.2739449255878386,-0.02490180504354836,0.6211522050879585,0.27913201701813184,-0.8641378614467315,-0.1496753753760821,-0.11484255852721104,-1.2743518513107772,0.023748080096468626,0.6216463922752736,-0.28001426707484395,,
0.6079766750335693,-0.8640444131494811,0.14952946406531198,0.11671408572196351,-1.2739449255878386,-0.02490180504354836,0.6211522050879585,0.27913201701813184,-0.8641378614467315,-0.1496753753760821,-0.11484255852721104,-1.2743518513107772,0.023748080096468626,0.6216463922752736,-0.28001426707484395,,
0.6120257377624512,-0.8640444131494811,0.14952946406531198,0.11671408572196351,-1.2739449255878386,-0.02490180504354836,0.6211522050879585,0.27913201701813184,-0.8641378614467315,-0.1496753753760821,-0.11484255852721104,-1.2743518513107772,0.023748080096468626,0.6216463922752736,-0.28001426707484395,,
0.6159911155700684,-0.8640444131494811,0.14952946406531198,0.11671408572196351,-1.2739449255878386,-0.02490180504354836,0.6211522050879585,0.27913201701813184,-0.8641378614467315,-0.1496753753760821,-0.11484255852721104,-1.2743518513107772,0.023748080096468626,0.6216463922752736,-0.28001426707484395,,
0.6199924945831299,-0.8640444131494811,0.14952946406531198,0.11671408572196351,-1.2739449255878386,-0.02490180504354836,0.6211522050879585,0.27913201701813184,-0.8641378614467315,-0.1496753753760821,-0.11484255852721104,-1.2743518513107772,0.023748080096468626,0.6216463922752736,-0.28001426707484395,,
0.6239874362945557,-0.8640444131494811,0.14952946406531198,0.11671408572196351,-1.2739449255878386,-0.02490180504354836,0.6211522050879585,0.27913201701813184,-0.8641378614467315,-0.1496753753760821,-0.11484255852721104,-1.2743518513107772,0.023748080096468626,0.6216463922752736,-0.28001426707484395,,
0.6280136108398438,-0.8640444131494811,0.14952946406531198,0.11671408572196351,-1.2739449255878386,-0.02490180504354836,0.6211522050879585,0.27913201701813184,-0.8641378614467315,-0.1496753753760821,-0.11484255852721104,-1.2743518513107772,0.023748080096468626,0.6216463922752736,-0.28001426707484395,,
0.6319866180419922,-0.8640444131494811,0.14952946406531198,0.11671408572196351,-1.2739449255878386,-0.02490180504354836,0.6211522050879585,0.27913201701813184,-0.8641378614467315,-0.1496753753760821,-0.11484255852721104,-1.2743518513107772,0.023748080096468626,0.6216463922752736,-0.28001426707484395,,
0.635977029800415,-0.8640444131494811,0.14952946406531198,0.11671408572196351,-1.2739449255878386,-0.02490180504354836,0.6211522050879585,0.27913201701813184,-0.8641378614467315,-0.1496753753760821,-0.11484255852721104,-1.2743518513107772,0.023748080096468626,0.6216463922752736,-0.28001426707484395,,
0.639984130859375,-0.8640444131494811,0.14952946406531198,0.11671408572196351,-1.2739449255878386,-0.02490180504354836,0.6211522050879585,0.27913201701813184,-0.8641378614467315,-0.1496753753760821,-0.11484255852721104,-1.2743518513107772,0.023748080096468626,0.6216463922752736,-0.28001426707484395,,
0.6439878940582275,-0.8640444131494811,0.14952946406531198,0.11671408572196351,-1.2739449255878386,-0.02490180504354836,0.6211522050879585,0.27913201701813184,-0.8641378614467315,-0.1496753753760821,-0.11484255852721104,-1.2743518513107772,0.023748080096468626,0.6216463922752736,-0.28001426707484395,,
0.6479878425598145,-0.8640444131494811,0.14952946406531198,0.11671408572196351,-1.2739449255878386,-0.02490180504354836,0.6211522050879585,0.27913201701813184,-0.8641378614467315,-0.1496753753760821,-0.11484255852721104,-1.2743518513107772,0.023748080096468626,0.6216463922752736,-0.28001426707484395,,
0.6519982814788818,-0.8640444131494811,0.14952946406531198,0.11671408572196351,-1.2739449255878386,-0.02490180504354836,0.6211522050879585,0.27913201701813184,-0.8641378614467315,-0.1496753753760821,-0.11484255852721104,-1.2743518513107772,0.023748080096468626,0.6216463922752736,-0.28001426707484395,,
0.6559925079345703,-0.8640444131494811,0.14952946406531198,0.11671408572196351,-1.2739449255878386,-0.02490180504354836,0.6211522050879585,0.27913201701813184,-0.8641378614467315,-0.1496753753760821,-0.11484255852721104,-1.2743518513107772,0.023748080096468626,0.6216463922752736,-0.28001426707484395,,
0.6599819660186768,-0.8640444131494811,0.14952946406531198,0.11671408572196351,-1.2739449255878386,-0.02490180504354836,0.6211522050879585,0.27913201701813184,-0.8641378614467315,-0.1496753753760821,-0.11484255852721104,-1.2743518513107772,0.023748080096468626,0.6216463922752736,-0.28001426707484395,,
0.6639807224273682,-0.8640444131494811,0.14952946406531198,0.11671408572196351,-1.2739449255878386,-0.02490180504354836,0.6211522050879585,0.27913201701813184,-0.8641378614467315,-0.1496753753760821,-0.11484255852721104,-1.2743518513107772,0.023748080096468626,0.6216463922752736,-0.28001426707484395,,
0.667966365814209,-0.8640444131494811,0.14952946406531198,0.11671408572196351,-1.2739449255878386,-0.02490180504354836,0.6211522050879585,0.27913201701813184,-0.8641378614467315,-0.1496753753760821,-0.11484255852721104,-1.2743518513107772,0.023748080096468626,0.6216463922752736,-0.28001426707484395,,
0.671999454498291,-0.8640444131494811,0.14952946406531198,0.11671408572196351,-1.2739449255878386,-0.02490180504354836,0.6211522050879585,0.27913201701813184,-0.8641378614467315,-0.1496753753760821,-0.11484255852721104,-1.2743518513107772,0.023748080096468626,0.6216463922752736,-0.28001426707484395,,
0.6760318279266357,-0.8640444131494811,0.14952946406531198,0.11671408572196351,-1.2739449255878386,-0.02490180504354836,0.6211522050879585,0.27913201701813184,-0.8641378614467315,-0.1496753753760821,-0.11484255852721104,-1.2743518513107772,0.023748080096468626,0.6216463922752736,-0.28001426707484395,,
0.6799864768981934,-0.8640444131494811,0.14952946406531198,0.11671408572196351,-1.2739449255878386,-0.02490180504354836,0.6211522050879585,0.27913201701813184,-0.8641378614467315,-0.1496753753760821,-0.11484255852721104,-1.2743518513107772,0.023748080096468626,0.6216463922752736,-0.28001426707484395,,
0.6839890480041504,-0.8640444131494811,0.14952946406531198,0.11671408572196351,-1.2739449255878386,-0.02490180504354836,0.6211522050879585,0.27913201701813184,-0.8641378614467315,-0.1496753753760821,-0.11484255852721104,-1.2743518513107772,0.023748080096468626,0.6216463922752736,-0.28001426707484395,,
0.6879925727844238,-0.8640444131494811,0.14952946406531198,0.11671408572196351,-1.2739449255878386,-0.02490180504354836,0.6211522050879585,0.27913201701813184,-0.8641378614467315,-0.1496753753760821,-0.11484255852721104,-1.2743518513107772,0.023748080096468626,0.6216463922752736,-0.28001426707484395,,
0.6919984817504883,-0.8640444131494811,0.14952946406531198,0.11671408572196351,-1.2739449255878386,-0.02490180504354836,0.6211522050879585,0.27913201701813184,-0.8641378614467315,-0.1496753753760821,-0.11484255852721104,-1.2743518513107772,0.023748080096468626,0.6216463922752736,-0.28001426707484395,,
0.6959877014160156,-0.8640444131494811,0.14952946406531198,0.11671408572196351,-1.2739449255878386,-0.02490180504354836,0.6211522050879585,0.27913201701813184,-0.8641378614467315,-0.1496753753760821,-0.11484255852721104,-1.2743518513107772,0.023748080096468626,0.6216463922752736,-0.28001426707484395,,
0.7001516819000244,-0.8640444131494811,0.14952946406531198,0.11671408572196351,-1.2739449255878386,-0.02490180504354836,0.6211522050879585,0.27913201701813184,-0.8641378614467315,-0.1496753753760821,-0.11484255852721104,-1.2743518513107772,0.023748080096468626,0.6216463922752736,-0.28001426707484395,,
0.7039878368377686,-0.8640444131494811,0.14952946406531198,0.11671408572196351,-1.2739449255878386,-0.02490180504354836,0.6211522050879585,0.27913201701813184,-0.8641378614467315,-0.1496753753760821,-0.11484255852721104,-1.2743518513107772,0.023748080096468626,0.6216463922752736,-0.28001426707484395,,
0.7080020904541016,-0.8640444131494811,0.14952946406531198,0.11671408572196351,-1.2739449255878386,-0.02490180504354836,0.6211522050879585,0.27913201701813184,-0.8641378614467315,-0.1496753753760821,-0.11484255852721104,-1.2743518513107772,0.023748080096468626,0.6216463922752736,-0.28001426707484395,,
0.7119796276092529,-0.8640444131494811,0.14952946406531198,0.11671408572196351,-1.2739449255878386,-0.02490180504354836,0.6211522050879585,0.27913201701813184,-0.8641378614467315,-0.1496753753760821,-0.11484255852721104,-1.2743518513107772,0.023748080096468626,0.6216463922752736,-0.28001426707484395,,
0.7159926891326904,-0.8640444131494811,0.14952946406531198,0.11671408572196351,-1.2739449255878386,-0.02490180504354836,0.6211522050879585,0.27913201701813184,-0.8641378614467315,-0.1496753753760821,-0.11484255852721104,-1.2743518513107772,0.023748080096468626,0.6216463922752736,-0.28001426707484395,,
0.7200069427490234,-0.8640444131494811,0.14952946406531198,0.11671408572196351,-1.2739449255878386,-0.02490180504354836,0.6211522050879585,0.27913201701813184,-0.8641378614467315,-0.1496753753760821,-0.11484255852721104,-1.2743518513107772,0.023748080096468626,0.6216463922752736,-0.28001426707484395,,
0.7239868640899658,-0.8640444131494811,0.14952946406531198,0.11671408572196351,-1.2739449255878386,-0.02490180504354836,0.6211522050879585,0.27913201701813184,-0.8641378614467315,-0.1496753753760821,-0.11484255852721104,-1.2743518513107772,0.023748080096468626,0.6216463922752736,-0.28001426707484395,,
0.7279868125915527,-0.8640444131494811,0.14952946406531198,0.11671408572196351,-1.2739449255878386,-0.02490180504354836,0.6211522050879585,0.27913201701813184,-0.8641378614467315,-0.1496753753760821,-0.11484255852721104,-1.2743518513107772,0.023748080096468626,0.6216463922752736,-0.28001426707484395,,
0.7320010662078857,-0.8640444131494811,0.14952946406531198,0.11671408572196351,-1.2739449255878386,-0.02490180504354836,0.6211522050879585,0.27913201701813184,-0.8641378614467315,-0.1496753753760821,-0.11484255852721104,-1.2743518513107772,0.023748080096468626,0.6216463922752736,-0.28001426707484395,,
0.7360081672668457,-0.8640444131494811,0.14952946406531198,0.11671408572196351,-1.2739449255878386,-0.02490180504354836,0.6211522050879585,0.27913201701813184,-0.8641378614467315,-0.1496753753760821,-0.11484255852721104,-1.2743518513107772,0.023748080096468626,0.6216463922752736,-0.28001426707484395,,
0.7399759292602539,-0.8640444131494811,0.14952946406531198,0.11671408572196351,-1.2739449255878386,-0.02490180504354836,0.6211522050879585,0.27913201701813184,-0.8641378614467315,-0.1496753753760821,-0.11484255852721104,-1.2743518513107772,0.023748080096468626,0.6216463922752736,-0.28001426707484395,,
0.7440214157104492,-0.8640444131494811,0.14952946406531198,0.11671408572196351,-1.2739449255878386,-0.02490180504354836,0.6211522050879585,0.27913201701813184,-0.8641378614467315,-0.1496753753760821,-0.11484255852721104,-1.2743518513107772,0.023748080096468626,0.6216463922752736,-0.28001426707484395,,
0.747999906539917,-0.8640444131494811,0.14952946406531198,0.11671408572196351,-1.2739449255878386,-0.02490180504354836,0.6211522050879585,0.27913201701813184,-0.8641378614467315,-0.1496753753760821,-0.11484255852721104,-1.2743518513107772,0.023748080096468626,0.6216463922752736,-0.28001426707484395,,
0.7519831657409668,-0.8640444131494811,0.14952946406531198,0.11671408572196351,-1.2739449255878386,-0.02490180504354836,0.6211522050879585,0.27913201701813184,-0.8641378614467315,-0.1496753753760821,-0.11484255852721104,-1.2743518513107772,0.023748080096468626,0.6216463922752736,-0.28001426707484395,,
0.7559821605682373,-0.8640444131494811,0.14952946406531198,0.11671408572196351,-1.2739449255878386,-0.02490180504354836,0.6211522050879585,0.27913201701813184,-0.8641378614467315,-0.1496753753760821,-0.11484255852721104,-1.2743518513107772,0.023748080096468626,0.6216463922752736,-0.28001426707484395,,
0.7599844932556152,-0.8640444131494811,0.14952946406531198,0.11671408572196351,-1.2739449255878386,-0.02490180504354836,0.6211522050879585,0.27913201701813184,-0.8641378614467315,-0.1496753753760821,-0.11484255852721104,-1.2743518513107772,0.023748080096468626,0.6216463922752736,-0.28001426707484395,,
0.7639951705932617,-0.8640444131494811,0.14952946406531198,0.11671408572196351,-1.2739449255878386,-0.02490180504354836,0.6211522050879585,0.27913201701813184,-0.8641378614467315,-0.1496753753760821,-0.11484255852721104,-1.2743518513107772,0.023748080096468626,0.6216463922752736,-0.28001426707484395,,
0.7680060863494873,-0.8640444131494811,0.14952946406531198,0.11671408572196351,-1.2739449255878386,-0.02490180504354836,0.6211522050879585,0.27913201701813184,-0.8641378614467315,-0.1496753753760821,-0.11484255852721104,-1.2743518513107772,0.023748080096468626,0.6216463922752736,-0.28001426707484395,,
0.7720024585723877,-0.8640444131494811,0.14952946406531198,0.11671408572196351,-1.2739449255878386,-0.02490180504354836,0.6211522050879585,0.27913201701813184,-0.8641378614467315,-0.1496753753760821,-0.11484255852721104,-1.2743518513107772,0.023748080096468626,0.6216463922752736,-0.28001426707484395,,
0.7760095596313477,-0.8640444131494811,0.14952946406531198,0.11671408572196351,-1.2739449255878386,-0.02490180504354836,0.6211522050879585,0.27913201701813184,-0.8641378614467315,-0.1496753753760821,-0.11484255852721104,-1.2743518513107772,0.023748080096468626,0.6216463922752736,-0.28001426707484395,,
0.7799820899963379,-0.8640444131494811,0.14952946406531198,0.11671408572196351,-1.2739449255878386,-0.02490180504354836,0.6211522050879585,0.27913201701813184,-0.8641378614467315,-0.1496753753760821,-0.11484255852721104,-1.2743518513107772,0.023748080096468626,0.6216463922752736,-0.28001426707484395,,
0.7840046882629395,-0.8640444131494811,0.14952946406531198,0.11671408572196351,-1.2739449255878386,-0.02490180504354836,0.6211522050879585,0.27913201701813184,-0.8641378614467315,-0.1496753753760821,-0.11484255852721104,-1.2743518513107772,0.023748080096468626,0.6216463922752736,-0.28001426707484395,,
0.7879989147186279,-0.8640444131494811,0.14952946406531198,0.11671408572196351,-1.2739449255878386,-0.02490180504354836,0.6211522050879585,0.27913201701813184,-0.8641378614467315,-0.1496753753760821,-0.11484255852721104,-1.2743518513107772,0.023748080096468626,0.6216463922752736,-0.28001426707484395,,
0.7919929027557373,-0.8640444131494811,0.14952946406531198,0.11671408572196351,-1.2739449255878386,-0.02490180504354836,0.6211522050879585,0.27913201701813184,-0.8641378614467315,-0.1496753753760821,-0.11484255852721104,-1.2743518513107772,0.023748080096468626,0.6216463922752736,-0.28001426707484395,,
0.7959964275360107,-0.8640444131494811,0.14952946406531198,0.11671408572196351,-1.2739449255878386,-0.02490180504354836,0.6211522050879585,0.27913201701813184,-0.8641378614467315,-0.1496753753760821,-0.11484255852721104,-1.2743518513107772,0.023748080096468626,0.6216463922752736,-0.28001426707484395,,
0.7999870777130127,-0.8640444131494811,0.14952946406531198,0.11671408572196351,-1.2739449255878386,-0.02490180504354836,0.6211522050879585,0.27913201701813184,-0.8641378614467315,-0.1496753753760821,-0.11484255852721104,-1.2743518513107772,0.023748080096468626,0.6216463922752736,-0.28001426707484395,,
0.8040046691894531,-0.8640444131494811,0.14952946406531198,0.11671408572196351,-1.2739449255878386,-0.02490180504354836,0.6211522050879585,0.27913201701813184,-0.8641378614467315,-0.1496753753760821,-0.11484255852721104,-1.2743518513107772,0.023748080096468626,0.6216463922752736,-0.28001426707484395,,
0.8079798221588135,-0.8640444131494811,0.14952946406531198,0.11671408572196351,-1.2739449255878386,-0.02490180504354836,0.6211522050879585,0.27913201701813184,-0.8641378614467315,-0.1496753753760821,-0.11484255852721104,-1.2743518513107772,0.023748080096468626,0.6216463922752736,-0.28001426707484395,,
0.8120179176330566,-0.8640444131494811,0.14952946406531198,0.11671408572196351,-1.2739449255878386,-0.02490180504354836,0.6211522050879585,0.27913201701813184,-0.8641378614467315,-0.1496753753760821,-0.11484255852721104,-1.2743518513107772,0.023748080096468626,0.6216463922752736,-0.28001426707484395,,
0.8160748481750488,-0.8640444131494811,0.14952946406531198,0.11671408572196351,-1.2739449255878386,-0.02490180504354836,0.6211522050879585,0.27913201701813184,-0.8641378614467315,-0.1496753753760821,-0.11484255852721104,-1.2743518513107772,0.023748080096468626,0.6216463922752736,-0.28001426707484395,,
0.8199987411499023,-0.8640444131494811,0.14952946406531198,0.11671408572196351,-1.2739449255878386,-0.02490180504354836,0.6211522050879585,0.27913201701813184,-0.8641378614467315,-0.1496753753760821,-0.11484255852721104,-1.2743518513107772,0.023748080096468626,0.6216463922752736,-0.28001426707484395,,
0.8239810466766357,-0.8640444131494811,0.14952946406531198,0.11671408572196351,-1.2739449255878386,-0.02490180504354836,0.6211522050879585,0.27913201701813184,-0.8641378614467315,-0.1496753753760821,-0.11484255852721104,-1.2743518513107772,0.023748080096468626,0.6216463922752736,-0.28001426707484395,,
0.8280928134918213,-0.8640444131494811,0.14952946406531198,0.11671408572196351,-1.2739449255878386,-0.02490180504354836,0.6211522050879585,0.27913201701813184,-0.8641378614467315,-0.1496753753760821,-0.11484255852721104,-1.2743518513107772,0.023748080096468626,0.6216463922752736,-0.28001426707484395,,
0.8319883346557617,-0.8640444131494811,0.14952946406531198,0.11671408572196351,-1.2739449255878386,-0.02490180504354836,0.6211522050879585,0.27913201701813184,-0.8641378614467315,-0.1496753753760821,-0.11484255852721104,-1.2743518513107772,0.023748080096468626,0.6216463922752736,-0.28001426707484395,,
0.8359978199005127,-0.8640444131494811,0.14952946406531198,0.11671408572196351,-1.2739449255878386,-0.02490180504354836,0.6211522050879585,0.27913201701813184,-0.8641378614467315,-0.1496753753760821,-0.11484255852721104,-1.2743518513107772,0.023748080096468626,0.6216463922752736,-0.28001426707484395,,
0.8401305675506592,-0.8640444131494811,0.14952946406531198,0.11671408572196351,-1.2739449255878386,-0.02490180504354836,0.6211522050879585,0.27913201701813184,-0.8641378614467315,-0.1496753753760821,-0.11484255852721104,-1.2743518513107772,0.023748080096468626,0.6216463922752736,-0.28001426707484395,,
0.8439884185791016,-0.8640444131494811,0.14952946406531198,0.11671408572196351,-1.2739449255878386,-0.02490180504354836,0.6211522050879585,0.27913201701813184,-0.8641378614467315,-0.1496753753760821,-0.11484255852721104,-1.2743518513107772,0.023748080096468626,0.6216463922752736,-0.28001426707484395,,
0.8479800224304199,-0.8640444131494811,0.14952946406531198,0.11671408572196351,-1.2739449255878386,-0.02490180504354836,0.6211522050879585,0.27913201701813184,-0.8641378614467315,-0.1496753753760821,-0.11484255852721104,-1.2743518513107772,0.023748080096468626,0.6216463922752736,-0.28001426707484395,,
0.8524465560913086,-0.8640444131494811,0.14952946406531198,0.11671408572196351,-1.2739449255878386,-0.02490180504354836,0.6211522050879585,0.27913201701813184,-0.8641378614467315,-0.1496753753760821,-0.11484255852721104,-1.2743518513107772,0.023748080096468626,0.6216463922752736,-0.28001426707484395,,
0.8599917888641357,-0.8640444131494811,0.14952946406531198,0.11671408572196351,-1.2739449255878386,-0.02490180504354836,0.6211522050879585,0.27913201701813184,-0.8641378614467315,-0.1496753753760821,-0.11484255852721104,-1.2743518513107772,0.023748080096468626,0.6216463922752736,-0.28001426707484395,,
0.8639397621154785,-0.8640444131494811,0.14952946406531198,0.11671408572196351,-1.2739449255878386,-0.02490180504354836,0.6211522050879585,0.27913201701813184,-0.8641378614467315,-0.1496753753760821,-0.11484255852721104,-1.2743518513107772,0.023748080096468626,0.6216463922752736,-0.28001426707484395,,
0.8679811954498291,-0.8640444131494811,0.14952946406531198,0.11671408572196351,-1.2739449255878386,-0.02490180504354836,0.6211522050879585,0.27913201701813184,-0.8641378614467315,-0.1496753753760821,-0.11484255852721104,-1.2743518513107772,0.023748080096468626,0.6216463922752736,-0.28001426707484395,,
0.871985912322998,-0.8640444131494811,0.14952946406531198,0.11671408572196351,-1.2739449255878386,-0.02490180504354836,0.6211522050879585,0.27913201701813184,-0.8641378614467315,-0.1496753753760821,-0.11484255852721104,-1.2743518513107772,0.023748080096468626,0.6216463922752736,-0.28001426707484395,,
0.8759872913360596,-0.8640444131494811,0.14952946406531198,0.11671408572196351,-1.2739449255878386,-0.02490180504354836,0.6211522050879585,0.27913201701813184,-0.8641378614467315,-0.1496753753760821,-0.11484255852721104,-1.2743518513107772,0.023748080096468626,0.6216463922752736,-0.28001426707484395,,
0.8799800872802734,-0.8640444131494811,0.14952946406531198,0.11671408572196351,-1.2739449255878386,-0.02490180504354836,0.6211522050879585,0.27913201701813184,-0.8641378614467315,-0.1496753753760821,-0.11484255852721104,-1.2743518513107772,0.023748080096468626,0.6216463922752736,-0.28001426707484395,,
0.883981466293335,-0.8640444131494811,0.14952946406531198,0.11671408572196351,-1.2739449255878386,-0.02490180504354836,0.6211522050879585,0.27913201701813184,-0.8641378614467315,-0.1496753753760821,-0.11484255852721104,-1.2743518513107772,0.023748080096468626,0.6216463922752736,-0.28001426707484395,,
0.8879873752593994,-0.8640444131494811,0.14952946406531198,0.11671408572196351,-1.2739449255878386,-0.02490180504354836,0.6211522050879585,0.27913201701813184,-0.8641378614467315,-0.1496753753760821,-0.11484255852721104,-1.2743518513107772,0.023748080096468626,0.6216463922752736,-0.28001426707484395,,
0.892005205154419,-0.8640444131494811,0.14952946406531198,0.11671408572196351,-1.2739449255878386,-0.02490180504354836,0.6211522050879585,0.27913201701813184,-0.8641378614467315,-0.1496753753760821,-0.11484255852721104,-1.2743518513107772,0.023748080096468626,0.6216463922752736,-0.28001426707484395,,
0.8959791660308838,-0.8640444131494811,0.14952946406531198,0.11671408572196351,-1.2739449255878386,-0.02490180504354836,0.6211522050879585,0.27913201701813184,-0.8641378614467315,-0.1496753753760821,-0.11484255852721104,-1.2743518513107772,0.023748080096468626,0.6216463922752736,-0.28001426707484395,,
0.8999779224395752,-0.8640444131494811,0.14952946406531198,0.11671408572196351,-1.2739449255878386,-0.02490180504354836,0.6211522050879585,0.27913201701813184,-0.8641378614467315,-0.1496753753760821,-0.11484255852721104,-1.2743518513107772,0.023748080096468626,0.6216463922752736,-0.28001426707484395,,
0.9039742946624756,-0.8640444131494811,0.14952946406531198,0.11671408572196351,-1.2739449255878386,-0.02490180504354836,0.6211522050879585,0.27913201701813184,-0.8641378614467315,-0.1496753753760821,-0.11484255852721104,-1.2743518513107772,0.023748080096468626,0.6216463922752736,-0.28001426707484395,,
0.907975435256958,-0.8640444131494811,0.14952946406531198,0.11671408572196351,-1.2739449255878386,-0.02490180504354836,0.6211522050879585,0.27913201701813184,-0.8641378614467315,-0.1496753753760821,-0.11484255852721104,-1.2743518513107772,0.023748080096468626,0.6216463922752736,-0.28001426707484395,,
0.9120004177093506,-0.8640444131494811,0.14952946406531198,0.11671408572196351,-1.2739449255878386,-0.02490180504354836,0.6211522050879585,0.27913201701813184,-0.8641378614467315,-0.1496753753760821,-0.11484255852721104,-1.2743518513107772,0.023748080096468626,0.6216463922752736,-0.28001426707484395,,
0.9159979820251465,-0.8640444131494811,0.14952946406531198,0.11671408572196351,-1.2739449255878386,-0.02490180504354836,0.6211522050879585,0.27913201701813184,-0.8641378614467315,-0.1496753753760821,-0.11484255852721104,-1.2743518513107772,0.023748080096468626,0.6216463922752736,-0.28001426707484395,,
0.9199907779693604,-0.8640444131494811,0.14952946406531198,0.11671408572196351,-1.2739449255878386,-0.02490180504354836,0.6211522050879585,0.27913201701813184,-0.8641378614467315,-0.1496753753760821,-0.11484255852721104,-1.2743518513107772,0.023748080096468626,0.6216463922752736,-0.28001426707484395,,
0.9239897727966309,-0.8640444131494811,0.14952946406531198,0.11671408572196351,-1.2739449255878386,-0.02490180504354836,0.6211522050879585,0.27913201701813184,-0.8641378614467315,-0.1496753753760821,-0.11484255852721104,-1.2743518513107772,0.023748080096468626,0.6216463922752736,-0.28001426707484395,,
0.9280040264129639,-0.8640444131494811,0.14952946406531198,0.11671408572196351,-1.2739449255878386,-0.02490180504354836,0.6211522050879585,0.27913201701813184,-0.8641378614467315,-0.1496753753760821,-0.11484255852721104,-1.2743518513107772,0.023748080096468626,0.6216463922752736,-0.28001426707484395,,
0.9320123195648193,-0.8640444131494811,0.14952946406531198,0.11671408572196351,-1.2739449255878386,-0.02490180504354836,0.6211522050879585,0.27913201701813184,-0.8641378614467315,-0.1496753753760821,-0.11484255852721104,-1.2743518513107772,0.023748080096468626,0.6216463922752736,-0.28001426707484395,,
0.9359862804412842,-0.8640444131494811,0.14952946406531198,0.11671408572196351,-1.2739449255878386,-0.02490180504354836,0.6211522050879585,0.27913201701813184,-0.8641378614467315,-0.1496753753760821,-0.11484255852721104,-1.2743518513107772,0.023748080096468626,0.6216463922752736,-0.28001426707484395,,
0.939979076385498,-0.8640444131494811,0.14952946406531198,0.11671408572196351,-1.2739449255878386,-0.02490180504354836,0.6211522050879585,0.27913201701813184,-0.8641378614467315,-0.1496753753760821,-0.11484255852721104,-1.2743518513107772,0.023748080096468626,0.6216463922752736,-0.28001426707484395,,
0.9439826011657715,-0.8640444131494811,0.14952946406531198,0.11671408572196351,-1.2739449255878386,-0.02490180504354836,0.6211522050879585,0.27913201701813184,-0.8641378614467315,-0.1496753753760821,-0.11484255852721104,-1.2743518513107772,0.023748080096468626,0.6216463922752736,-0.28001426707484395,,
0.9479660987854004,-0.8640444131494811,0.14952946406531198,0.11671408572196351,-1.2739449255878386,-0.02490180504354836,0.6211522050879585,0.27913201701813184,-0.8641378614467315,-0.1496753753760821,-0.11484255852721104,-1.2743518513107772,0.023748080096468626,0.6216463922752736,-0.28001426707484395,,
0.9519755840301514,-0.8640444131494811,0.14952946406531198,0.11671408572196351,-1.2739449255878386,-0.02490180504354836,0.6211522050879585,0.27913201701813184,-0.8641378614467315,-0.1496753753760821,-0.11484255852721104,-1.2743518513107772,0.023748080096468626,0.6216463922752736,-0.28001426707484395,,
0.9559910297393799,-0.8640444131494811,0.14952946406531198,0.11671408572196351,-1.2739449255878386,-0.02490180504354836,0.6211522050879585,0.27913201701813184,-0.8641378614467315,-0.1496753753760821,-0.11484255852721104,-1.2743518513107772,0.023748080096468626,0.6216463922752736,-0.28001426707484395,,
0.9599981307983398,-0.8640444131494811,0.14952946406531198,0.11671408572196351,-1.2739449255878386,-0.02490180504354836,0.6211522050879585,0.27913201701813184,-0.8641378614467315,-0.1496753753760821,-0.11484255852721104,-1.2743518513107772,0.023748080096468626,0.6216463922752736,-0.28001426707484395,,
0.9640016555786133,-0.8640444131494811,0.14952946406531198,0.11671408572196351,-1.2739449255878386,-0.02490180504354836,0.6211522050879585,0.27913201701813184,-0.8641378614467315,-0.1496753753760821,-0.11484255852721104,-1.2743518513107772,0.023748080096468626,0.6216463922752736,-0.28001426707484395,,
0.9684147834777832,-0.8640444131494811,0.14952946406531198,0.11671408572196351,-1.2739449255878386,-0.02490180504354836,0.6211522050879585,0.27913201701813184,-0.8641378614467315,-0.1496753753760821,-0.11484255852721104,-1.2743518513107772,0.023748080096468626,0.6216463922752736,-0.28001426707484395,,
0.9760136604309082,-0.8640444131494811,0.14952946406531198,0.11671408572196351,-1.2739449255878386,-0.02490180504354836,0.6211522050879585,0.27913201701813184,-0.8641378614467315,-0.1496753753760821,-0.11484255852721104,-1.2743518513107772,0.023748080096468626,0.6216463922752736,-0.28001426707484395,,
0.9802427291870117,-0.8640444131494811,0.14952946406531198,0.11671408572196351,-1.2739449255878386,-0.02490180504354836,0.6211522050879585,0.27913201701813184,-0.8641378614467315,-0.1496753753760821,-0.11484255852721104,-1.2743518513107772,0.023748080096468626,0.6216463922752736,-0.28001426707484395,,
0.9840123653411865,-0.8640444131494811,0.14952946406531198,0.11671408572196351,-1.2739449255878386,-0.02490180504354836,0.6211522050879585,0.27913201701813184,-0.8641378614467315,-0.1496753753760821,-0.11484255852721104,-1.2743518513107772,0.023748080096468626,0.6216463922752736,-0.28001426707484395,,
0.9879767894744873,-0.8640444131494811,0.14952946406531198,0.11671408572196351,-1.2739449255878386,-0.02490180504354836,0.6211522050879585,0.27913201701813184,-0.8641378614467315,-0.1496753753760821,-0.11484255852721104,-1.2743518513107772,0.023748080096468626,0.6216463922752736,-0.28001426707484395,,
0.9919838905334473,-0.8640444131494811,0.14952946406531198,0.11671408572196351,-1.2739449255878386,-0.02490180504354836,0.6211522050879585,0.27913201701813184,-0.8641378614467315,-0.1496753753760821,-0.11484255852721104,-1.2743518513107772,0.023748080096468626,0.6216463922752736,-0.28001426707484395,,
0.9959852695465088,-0.8640444131494811,0.14952946406531198,0.11671408572196351,-1.2739449255878386,-0.02490180504354836,0.6211522050879585,0.27913201701813184,-0.8641378614467315,-0.1496753753760821,-0.11484255852721104,-1.2743518513107772,0.023748080096468626,0.6216463922752736,-0.28001426707484395,,
0.9999969005584717,-0.8640444131494811,0.14952946406531198,0.11671408572196351,-1.2739449255878386,-0.02490180504354836,0.6211522050879585,0.27913201701813184,-0.8641378614467315,-0.1496753753760821,-0.11484255852721104,-1.2743518513107772,0.023748080096468626,0.6216463922752736,-0.28001426707484395,,
1.0039958953857422,-0.8640444131494811,0.14952946406531198,0.11671408572196351,-1.2739449255878386,-0.02490180504354836,0.6211522050879585,0.27913201701813184,-0.8641378614467315,-0.1496753753760821,-0.11484255852721104,-1.2743518513107772,0.023748080096468626,0.6216463922752736,-0.28001426707484395,,
1.0080554485321045,-0.8640444131494811,0.14952946406531198,0.11671408572196351,-1.2739449255878386,-0.02490180504354836,0.6211522050879585,0.27913201701813184,-0.8641378614467315,-0.1496753753760821,-0.11484255852721104,-1.2743518513107772,0.023748080096468626,0.6216463922752736,-0.28001426707484395,,
1.0119874477386475,-0.8640444131494811,0.14952946406531198,0.11671408572196351,-1.2739449255878386,-0.02490180504354836,0.6211522050879585,0.27913201701813184,-0.8641378614467315,-0.1496753753760821,-0.11484255852721104,-1.2743518513107772,0.023748080096468626,0.6216463922752736,-0.28001426707484395,,
1.016005516052246,-0.8640444131494811,0.14952946406531198,0.11671408572196351,-1.2739449255878386,-0.02490180504354836,0.6211522050879585,0.27913201701813184,-0.8641378614467315,-0.1496753753760821,-0.11484255852721104,-1.2743518513107772,0.023748080096468626,0.6216463922752736,-0.28001426707484395,,
1.0199923515319824,-0.8640444131494811,0.14952946406531198,0.11671408572196351,-1.2739449255878386,-0.02490180504354836,0.6211522050879585,0.27913201701813184,-0.8641378614467315,-0.1496753753760821,-0.11484255852721104,-1.2743518513107772,0.023748080096468626,0.6216463922752736,-0.28001426707484395,,
1.024007797241211,-0.8640444131494811,0.14952946406531198,0.11671408572196351,-1.2739449255878386,-0.02490180504354836,0.6211522050879585,0.27913201701813184,-0.8641378614467315,-0.1496753753760821,-0.11484255852721104,-1.2743518513107772,0.023748080096468626,0.6216463922752736,-0.28001426707484395,,
1.0279817581176758,-0.8640444131494811,0.14952946406531198,0.11671408572196351,-1.2739449255878386,-0.02490180504354836,0.6211522050879585,0.27913201701813184,-0.8641378614467315,-0.1496753753760821,-0.11484255852721104,-1.2743518513107772,0.023748080096468626,0.6216463922752736,-0.28001426707484395,,
1.0319757461547852,-0.8640444131494811,0.14952946406531198,0.11671408572196351,-1.2739449255878386,-0.02490180504354836,0.6211522050879585,0.27913201701813184,-0.8641378614467315,-0.1496753753760821,-0.11484255852721104,-1.2743518513107772,0.023748080096468626,0.6216463922752736,-0.28001426707484395,,
1.0359816551208496,-0.8640444131494811,0.14952946406531198,0.11671408572196351,-1.2739449255878386,-0.02490180504354836,0.6211522050879585,0.27913201701813184,-0.8641378614467315,-0.1496753753760821,-0.11484255852721104,-1.2743518513107772,0.023748080096468626,0.6216463922752736,-0.28001426707484395,,
1.0399982929229736,-0.8640444131494811,0.14952946406531198,0.11671408572196351,-1.2739449255878386,-0.02490180504354836,0.6211522050879585,0.27913201701813184,-0.8641378614467315,-0.1496753753760821,-0.11484255852721104,-1.2743518513107772,0.023748080096468626,0.6216463922752736,-0.28001426707484395,,
1.043982982635498,-0.8640444131494811,0.14952946406531198,0.11671408572196351,-1.2739449255878386,-0.02490180504354836,0.6211522050879585,0.27913201701813184,-0.8641378614467315,-0.1496753753760821,-0.11484255852721104,-1.2743518513107772,0.023748080096468626,0.6216463922752736,-0.28001426707484395,,
1.0480139255523682,-0.8640444131494811,0.14952946406531198,0.11671408572196351,-1.2739449255878386,-0.02490180504354836,0.6211522050879585,0.27913201701813184,-0.8641378614467315,-0.1496753753760821,-0.11484255852721104,-1.2743518513107772,0.023748080096468626,0.6216463922752736,-0.28001426707484395,,
1.0519793033599854,-0.8640444131494811,0.14952946406531198,0.11671408572196351,-1.2739449255878386,-0.02490180504354836,0.6211522050879585,0.27913201701813184,-0.8641378614467315,-0.1496753753760821,-0.11484255852721104,-1.2743518513107772,0.023748080096468626,0.6216463922752736,-0.28001426707484395,,
1.0559842586517334,-0.8640444131494811,0.14952946406531198,0.11671408572196351,-1.2739449255878386,-0.02490180504354836,0.6211522050879585,0.27913201701813184,-0.8641378614467315,-0.1496753753760821,-0.11484255852721104,-1.2743518513107772,0.023748080096468626,0.6216463922752736,-0.28001426707484395,,
1.0599937438964844,-0.8640444131494811,0.14952946406531198,0.11671408572196351,-1.2739449255878386,-0.02490180504354836,0.6211522050879585,0.27913201701813184,-0.8641378614467315,-0.1496753753760821,-0.11484255852721104,-1.2743518513107772,0.023748080096468626,0.6216463922752736,-0.28001426707484395,,
1.0639996528625488,-0.8640444131494811,0.14952946406531198,0.11671408572196351,-1.2739449255878386,-0.02490180504354836,0.6211522050879585,0.27913201701813184,-0.8641378614467315,-0.1496753753760821,-0.11484255852721104,-1.2743518513107772,0.023748080096468626,0.6216463922752736,-0.28001426707484395,,
1.068009376525879,-0.8640444131494811,0.14952946406531198,0.11671408572196351,-1.2739449255878386,-0.02490180504354836,0.6211522050879585,0.27913201701813184,-0.8641378614467315,-0.1496753753760821,-0.11484255852721104,-1.2743518513107772,0.023748080096468626,0.6216463922752736,-0.28001426707484395,,
1.0720126628875732,-0.8640444131494811,0.14952946406531198,0.11671408572196351,-1.2739449255878386,-0.02490180504354836,0.6211522050879585,0.27913201701813184,-0.8641378614467315,-0.1496753753760821,-0.11484255852721104,-1.2743518513107772,0.023748080096468626,0.6216463922752736,-0.28001426707484395,,
1.0760116577148438,-0.8640444131494811,0.14952946406531198,0.11671408572196351,-1.2739449255878386,-0.02490180504354836,0.6211522050879585,0.27913201701813184,-0.8641378614467315,-0.1496753753760821,-0.11484255852721104,-1.2743518513107772,0.023748080096468626,0.6216463922752736,-0.28001426707484395,,
1.0799806118011475,-0.8640444131494811,0.14952946406531198,0.11671408572196351,-1.2739449255878386,-0.02490180504354836,0.6211522050879585,0.27913201701813184,-0.8641378614467315,-0.1496753753760821,-0.11484255852721104,-1.2743518513107772,0.023748080096468626,0.6216463922752736,-0.28001426707484395,,
1.0843465328216553,-0.8640444131494811,0.14952946406531198,0.11671408572196351,-1.2739449255878386,-0.02490180504354836,0.6211522050879585,0.27913201701813184,-0.8641378614467315,-0.1496753753760821,-0.11484255852721104,-1.2743518513107772,0.023748080096468626,0.6216463922752736,-0.28001426707484395,,
1.0879795551300049,-0.8640444131494811,0.14952946406531198,0.11671408572196351,-1.2739449255878386,-0.02490180504354836,0.6211522050879585,0.27913201701813184,-0.8641378614467315,-0.1496753753760821,-0.11484255852721104,-1.2743518513107772,0.023748080096468626,0.6216463922752736,-0.28001426707484395,,
1.0919973850250244,-0.8640444131494811,0.14952946406531198,0.11671408572196351,-1.2739449255878386,-0.02490180504354836,0.6211522050879585,0.27913201701813184,-0.8641378614467315,-0.1496753753760821,-0.11484255852721104,-1.2743518513107772,0.023748080096468626,0.6216463922752736,-0.28001426707484395,,
1.0959925651550293,-0.8640444131494811,0.14952946406531198,0.11671408572196351,-1.2739449255878386,-0.02490180504354836,0.6211522050879585,0.27913201701813184,-0.8641378614467315,-0.1496753753760821,-0.11484255852721104,-1.2743518513107772,0.023748080096468626,0.6216463922752736,-0.28001426707484395,,
1.0999939441680908,-0.8640444131494811,0.14952946406531198,0.11671408572196351,-1.2739449255878386,-0.02490180504354836,0.6211522050879585,0.27913201701813184,-0.8641378614467315,-0.1496753753760821,-0.11484255852721104,-1.2743518513107772,0.023748080096468626,0.6216463922752736,-0.28001426707484395,,
1.1040079593658447,-0.8640444131494811,0.14952946406531198,0.11671408572196351,-1.2739449255878386,-0.02490180504354836,0.6211522050879585,0.27913201701813184,-0.8641378614467315,-0.1496753753760821,-0.11484255852721104,-1.2743518513107772,0.023748080096468626,0.6216463922752736,-0.28001426707484395,,
1.1080033779144287,-0.8640444131494811,0.14952946406531198,0.11671408572196351,-1.2739449255878386,-0.02490180504354836,0.6211522050879585,0.27913201701813184,-0.8641378614467315,-0.1496753753760821,-0.11484255852721104,-1.2743518513107772,0.023748080096468626,0.6216463922752736,-0.28001426707484395,,
1.1119940280914307,-0.8640444131494811,0.14952946406531198,0.11671408572196351,-1.2739449255878386,-0.02490180504354836,0.6211522050879585,0.27913201701813184,-0.8641378614467315,-0.1496753753760821,-0.11484255852721104,-1.2743518513107772,0.023748080096468626,0.6216463922752736,-0.28001426707484395,,
1.115992546081543,-0.8640444131494811,0.14952946406531198,0.11671408572196351,-1.2739449255878386,-0.02490180504354836,0.6211522050879585,0.27913201701813184,-0.8641378614467315,-0.1496753753760821,-0.11484255852721104,-1.2743518513107772,0.023748080096468626,0.6216463922752736,-0.28001426707484395,,
1.119987964630127,-0.8640444131494811,0.14952946406531198,0.11671408572196351,-1.2739449255878386,-0.02490180504354836,0.6211522050879585,0.27913201701813184,-0.8641378614467315,-0.1496753753760821,-0.11484255852721104,-1.2743518513107772,0.023748080096468626,0.6216463922752736,-0.28001426707484395,,
1.12398099899292,-0.8640444131494811,0.14952946406531198,0.11671408572196351,-1.2739449255878386,-0.02490180504354836,0.6211522050879585,0.27913201701813184,-0.8641378614467315,-0.1496753753760821,-0.11484255852721104,-1.2743518513107772,0.023748080096468626,0.6216463922752736,-0.28001426707484395,,
1.1279795169830322,-0.8640444131494811,0.14952946406531198,0.11671408572196351,-1.2739449255878386,-0.02490180504354836,0.6211522050879585,0.27913201701813184,-0.8641378614467315,-0.1496753753760821,-0.11484255852721104,-1.2743518513107772,0.023748080096468626,0.6216463922752736,-0.28001426707484395,,
1.1319856643676758,-0.8640444131494811,0.14952946406531198,0.11671408572196351,-1.2739449255878386,-0.02490180504354836,0.6211522050879585,0.27913201701813184,-0.8641378614467315,-0.1496753753760821,-0.11484255852721104,-1.2743518513107772,0.023748080096468626,0.6216463922752736,-0.28001426707484395,,
1.1360082626342773,-0.8640444131494811,0.14952946406531198,0.11671408572196351,-1.2739449255878386,-0.02490180504354836,0.6211522050879585,0.27913201701813184,-0.8641378614467315,-0.1496753753760821,-0.11484255852721104,-1.2743518513107772,0.023748080096468626,0.6216463922752736,-0.28001426707484395,,
1.1399807929992676,-0.8640444131494811,0.14952946406531198,0.11671408572196351,-1.2739449255878386,-0.02490180504354836,0.6211522050879585,0.27913201701813184,-0.8641378614467315,-0.1496753753760821,-0.11484255852721104,-1.2743518513107772,0.023748080096468626,0.6216463922752736,-0.28001426707484395,,
1.1439902782440186,-0.8640444131494811,0.14952946406531198,0.11671408572196351,-1.2739449255878386,-0.02490180504354836,0.6211522050879585,0.27913201701813184,-0.8641378614467315,-0.1496753753760821,-0.11484255852721104,-1.2743518513107772,0.023748080096468626,0.6216463922752736,-0.28001426707484395,,
1.147984504699707,-0.8640444131494811,0.14952946406531198,0.11671408572196351,-1.2739449255878386,-0.02490180504354836,0.6211522050879585,0.27913201701813184,-0.8641378614467315,-0.1496753753760821,-0.11484255852721104,-1.2743518513107772,0.023748080096468626,0.6216463922752736,-0.28001426707484395,,
1.151993989944458,-0.8640444131494811,0.14952946406531198,0.11671408572196351,-1.2739449255878386,-0.02490180504354836,0.6211522050879585,0.27913201701813184,-0.8641378614467315,-0.1496753753760821,-0.11484255852721104,-1.2743518513107772,0.023748080096468626,0.6216463922752736,-0.28001426707484395,,
1.155975103378296,-0.8640444131494811,0.14952946406531198,0.11671408572196351,-1.2739449255878386,-0.02490180504354836,0.6211522050879585,0.27913201701813184,-0.8641378614467315,-0.1496753753760821,-0.11484255852721104,-1.2743518513107772,0.023748080096468626,0.6216463922752736,-0.28001426707484395,,
1.1599857807159424,-0.8640444131494811,0.14952946406531198,0.11671408572196351,-1.2739449255878386,-0.02490180504354836,0.6211522050879585,0.27913201701813184,-0.8641378614467315,-0.1496753753760821,-0.11484255852721104,-1.2743518513107772,0.023748080096468626,0.6216463922752736,-0.28001426707484395,,
1.1639833450317383,-0.8640444131494811,0.14952946406531198,0.11671408572196351,-1.2739449255878386,-0.02490180504354836,0.6211522050879585,0.27913201701813184,-0.8641378614467315,-0.1496753753760821,-0.11484255852721104,-1.2743518513107772,0.023748080096468626,0.6216463922752736,-0.28001426707484395,,
1.1679906845092773,-0.8640444131494811,0.14952946406531198,0.11671408572196351,-1.2739449255878386,-0.02490180504354836,0.6211522050879585,0.27913201701813184,-0.8641378614467315,-0.1496753753760821,-0.11484255852721104,-1.2743518513107772,0.023748080096468626,0.6216463922752736,-0.28001426707484395,,
1.1720154285430908,-0.8640444131494811,0.14952946406531198,0.11671408572196351,-1.2739449255878386,-0.02490180504354836,0.6211522050879585,0.27913201701813184,-0.8641378614467315,-0.1496753753760821,-0.11484255852721104,-1.2743518513107772,0.023748080096468626,0.6216463922752736,-0.28001426707484395,,
1.1760118007659912,-0.8640444131494811,0.14952946406531198,0.11671408572196351,-1.2739449255878386,-0.02490180504354836,0.6211522050879585,0.27913201701813184,-0.8641378614467315,-0.1496753753760821,-0.11484255852721104,-1.2743518513107772,0.023748080096468626,0.6216463922752736,-0.28001426707484395,,
1.1800096035003662,-0.8640444131494811,0.14952946406531198,0.11671408572196351,-1.2739449255878386,-0.02490180504354836,0.6211522050879585,0.27913201701813184,-0.8641378614467315,-0.1496753753760821,-0.11484255852721104,-1.2743518513107772,0.023748080096468626,0.6216463922752736,-0.28001426707484395,,
1.183995246887207,-0.8640444131494811,0.14952946406531198,0.11671408572196351,-1.2739449255878386,-0.02490180504354836,0.6211522050879585,0.27913201701813184,-0.8641378614467315,-0.1496753753760821,-0.11484255852721104,-1.2743518513107772,0.023748080096468626,0.6216463922752736,-0.28001426707484395,,
1.187990665435791,-0.8640444131494811,0.14952946406531198,0.11671408572196351,-1.2739449255878386,-0.02490180504354836,0.6211522050879585,0.27913201701813184,-0.8641378614467315,-0.1496753753760821,-0.11484255852721104,-1.2743518513107772,0.023748080096468626,0.6216463922752736,-0.28001426707484395,,
1.1919739246368408,-0.8640444131494811,0.14952946406531198,0.11671408572196351,-1.2739449255878386,-0.02490180504354836,0.6211522050879585,0.27913201701813184,-0.8641378614467315,-0.1496753753760821,-0.11484255852721104,-1.2743518513107772,0.023748080096468626,0.6216463922752736,-0.28001426707484395,,
1.1959786415100098,-0.8640444131494811,0.14952946406531198,0.11671408572196351,-1.2739449255878386,-0.02490180504354836,0.6211522050879585,0.27913201701813184,-0.8641378614467315,-0.1496753753760821,-0.11484255852721104,-1.2743518513107772,0.023748080096468626,0.6216463922752736,-0.28001426707484395,,
1.1999919414520264,-0.8640444131494811,0.14952946406531198,0.11671408572196351,-1.2739449255878386,-0.02490180504354836,0.6211522050879585,0.27913201701813184,-0.8641378614467315,-0.1496753753760821,-0.11484255852721104,-1.2743518513107772,0.023748080096468626,0.6216463922752736,-0.28001426707484395,,
1.2039988040924072,-0.8640444131494811,0.14952946406531198,0.11671408572196351,-1.2739449255878386,-0.02490180504354836,0.6211522050879585,0.27913201701813184,-0.8641378614467315,-0.1496753753760821,-0.11484255852721104,-1.2743518513107772,0.023748080096468626,0.6216463922752736,-0.28001426707484395,,
1.2079870700836182,-0.8640444131494811,0.14952946406531198,0.11671408572196351,-1.2739449255878386,-0.02490180504354836,0.6211522050879585,0.27913201701813184,-0.8641378614467315,-0.1496753753760821,-0.11484255852721104,-1.2743518513107772,0.023748080096468626,0.6216463922752736,-0.28001426707484395,,
1.2120487689971924,-0.8640444131494811,0.14952946406531198,0.11671408572196351,-1.2739449255878386,-0.02490180504354836,0.6211522050879585,0.27913201701813184,-0.8641378614467315,-0.1496753753760821,-0.11484255852721104,-1.2743518513107772,0.023748080096468626,0.6216463922752736,-0.28001426707484395,,
1.2160274982452393,-0.8640444131494811,0.14952946406531198,0.11671408572196351,-1.2739449255878386,-0.02490180504354836,0.6211522050879585,0.27913201701813184,-0.8641378614467315,-0.1496753753760821,-0.11484255852721104,-1.2743518513107772,0.023748080096468626,0.6216463922752736,-0.28001426707484395,,
1.2199978828430176,-0.8640444131494811,0.14952946406531198,0.11671408572196351,-1.2739449255878386,-0.02490180504354836,0.6211522050879585,0.27913201701813184,-0.8641378614467315,-0.1496753753760821,-0.11484255852721104,-1.2743518513107772,0.023748080096468626,0.6216463922752736,-0.28001426707484395,,
1.2243051528930664,-0.8640444131494811,0.14952946406531198,0.11671408572196351,-1.2739449255878386,-0.02490180504354836,0.6211522050879585,0.27913201701813184,-0.8641378614467315,-0.1496753753760821,-0.11484255852721104,-1.2743518513107772,0.023748080096468626,0.6216463922752736,-0.28001426707484395,,
1.2279870510101318,-0.8640444131494811,0.14952946406531198,0.11671408572196351,-1.2739449255878386,-0.02490180504354836,0.6211522050879585,0.27913201701813184,-0.8641378614467315,-0.1496753753760821,-0.11484255852721104,-1.2743518513107772,0.023748080096468626,0.6216463922752736,-0.28001426707484395,,
1.232015609741211,-0.8640444131494811,0.14952946406531198,0.11671408572196351,-1.2739449255878386,-0.02490180504354836,0.6211522050879585,0.27913201701813184,-0.8641378614467315,-0.1496753753760821,-0.11484255852721104,-1.2743518513107772,0.023748080096468626,0.6216463922752736,-0.28001426707484395,,
1.2360000610351562,-0.8640444131494811,0.14952946406531198,0.11671408572196351,-1.2739449255878386,-0.02490180504354836,0.6211522050879585,0.27913201701813184,-0.8641378614467315,-0.1496753753760821,-0.11484255852721104,-1.2743518513107772,0.023748080096468626,0.6216463922752736,-0.28001426707484395,,
1.2399837970733643,-0.8640444131494811,0.14952946406531198,0.11671408572196351,-1.2739449255878386,-0.02490180504354836,0.6211522050879585,0.27913201701813184,-0.8641378614467315,-0.1496753753760821,-0.11484255852721104,-1.2743518513107772,0.023748080096468626,0.6216463922752736,-0.28001426707484395,,
1.2439932823181152,-0.8640444131494811,0.14952946406531198,0.11671408572196351,-1.2739449255878386,-0.02490180504354836,0.6211522050879585,0.27913201701813184,-0.8641378614467315,-0.1496753753760821,-0.11484255852721104,-1.2743518513107772,0.023748080096468626,0.6216463922752736,-0.28001426707484395,,
1.2482304573059082,-0.8640444131494811,0.14952946406531198,0.11671408572196351,-1.2739449255878386,-0.02490180504354836,0.6211522050879585,0.27913201701813184,-0.8641378614467315,-0.1496753753760821,-0.11484255852721104,-1.2743518513107772,0.023748080096468626,0.6216463922752736,-0.28001426707484395,,
1.2520108222961426,-0.8640444131494811,0.14952946406531198,0.11671408572196351,-1.2739449255878386,-0.02490180504354836,0.6211522050879585,0.27913201701813184,-0.8641378614467315,-0.1496753753760821,-0.11484255852721104,-1.2743518513107772,0.023748080096468626,0.6216463922752736,-0.28001426707484395,,
1.255981206893921,-0.8640444131494811,0.14952946406531198,0.11671408572196351,-1.2739449255878386,-0.02490180504354836,0.6211522050879585,0.27913201701813184,-0.8641378614467315,-0.1496753753760821,-0.11484255852721104,-1.2743518513107772,0.023748080096468626,0.6216463922752736,-0.28001426707484395,,
1.260406255722046,-0.8640444131494811,0.14952946406531198,0.11671408572196351,-1.2739449255878386,-0.02490180504354836,0.6211522050879585,0.27913201701813184,-0.8641378614467315,-0.1496753753760821,-0.11484255852721104,-1.2743518513107772,0.023748080096468626,0.6216463922752736,-0.28001426707484395,,
1.2680027484893799,-0.8640444131494811,0.14952946406531198,0.11671408572196351,-1.2739449255878386,-0.02490180504354836,0.6211522050879585,0.27913201701813184,-0.8641378614467315,-0.1496753753760821,-0.11484255852721104,-1.2743518513107772,0.023748080096468626,0.6216463922752736,-0.28001426707484395,,
1.272254228591919,-0.8640444131494811,0.14952946406531198,0.11671408572196351,-1.2739449255878386,-0.02490180504354836,0.6211522050879585,0.27913201701813184,-0.8641378614467315,-0.1496753753760821,-0.11484255852721104,-1.2743518513107772,0.023748080096468626,0.6216463922752736,-0.28001426707484395,,
